DKMS (dkms-3.4.3) make.log for snd_hda_macbookpro/0.1 for kernel 7.2.5-4-omarchy (x86_64)
Mon Sep 21 05:39:33 UTC 2026

Running the pre_build script
# command: cd /var/lib/dkms/snd_hda_macbookpro/0.1/build/ && /var/lib/dkms/snd_hda_macbookpro/0.1/build/install.cirrus.driver.sh -k 7.2.5-4-omarchy --dkms
--2026-09-21 05:39:33--  https://cdn.kernel.org/pub/linux/kernel/v7.x/linux-7.2.5.tar.xz
Loaded CA certificate '/etc/ssl/certs/ca-certificates.crt'
Resolving cdn.kernel.org (cdn.kernel.org)... 151.101.129.176, 151.101.1.176, 151.101.65.176, ...
Connecting to cdn.kernel.org (cdn.kernel.org)|151.101.129.176|:443... connected.
HTTP request sent, awaiting response... 200 OK
Length: 160133944 (153M) [application/x-xz]
Saving to: 'build/linux-7.2.5.tar.xz'

     0K .......... .......... .......... .......... ..........  0% 1.60M 95s
    50K .......... .......... .......... .......... ..........  0% 1.89M 88s
   100K .......... .......... .......... .......... ..........  0% 5.82M 67s
   150K .......... .......... .......... .......... ..........  0% 1.14M 84s
   200K .......... .......... .......... .......... ..........  0% 5.55M 73s
   250K .......... .......... .......... .......... ..........  0% 1.18M 82s
   300K .......... .......... .......... .......... ..........  0% 2.80M 78s
   350K .......... .......... .......... .......... ..........  0% 1.63M 80s
   400K .......... .......... .......... .......... ..........  0% 1.72M 81s
   450K .......... .......... .......... .......... ..........  0% 6.05M 75s
   500K .......... .......... .......... .......... ..........  0% 1.16M 80s
   550K .......... .......... .......... .......... ..........  0% 4.08M 77s
   600K .......... .......... .......... .......... ..........  0% 1.17M 81s
   650K .......... .......... .......... .......... ..........  0%  124M 75s
   700K .......... .......... .......... .......... ..........  0% 3.53M 73s
   750K .......... .......... .......... .......... ..........  0% 1.97M 73s
   800K .......... .......... .......... .......... ..........  0% 2.00M 73s
   850K .......... .......... .......... .......... ..........  0% 3.55M 72s
   900K .......... .......... .......... .......... ..........  0% 2.25M 71s
   950K .......... .......... .......... .......... ..........  0% 1.94M 72s
  1000K .......... .......... .......... .......... ..........  0% 4.81M 70s
  1050K .......... .......... .......... .......... ..........  0% 1.41M 71s
  1100K .......... .......... .......... .......... ..........  0%  103M 68s
  1150K .......... .......... .......... .......... ..........  0% 3.61M 67s
  1200K .......... .......... .......... .......... ..........  0% 2.25M 67s
  1250K .......... .......... .......... .......... ..........  0% 3.00M 67s
  1300K .......... .......... .......... .......... ..........  0% 2.40M 66s
  1350K .......... .......... .......... .......... ..........  0% 3.39M 66s
  1400K .......... .......... .......... .......... ..........  0% 2.34M 66s
  1450K .......... .......... .......... .......... ..........  0% 5.46M 64s
  1500K .......... .......... .......... .......... ..........  0% 1.54M 65s
  1550K .......... .......... .......... .......... ..........  1% 82.7M 63s
  1600K .......... .......... .......... .......... ..........  1% 1.62M 64s
  1650K .......... .......... .......... .......... ..........  1% 1.85M 65s
  1700K .......... .......... .......... .......... ..........  1% 1.55M 66s
  1750K .......... .......... .......... .......... ..........  1% 32.4M 64s
  1800K .......... .......... .......... .......... ..........  1% 3.60M 63s
  1850K .......... .......... .......... .......... ..........  1% 2.00M 64s
  1900K .......... .......... .......... .......... ..........  1% 1.82M 64s
  1950K .......... .......... .......... .......... ..........  1% 5.40M 63s
  2000K .......... .......... .......... .......... ..........  1% 1.26M 65s
  2050K .......... .......... .......... .......... ..........  1% 3.13M 64s
  2100K .......... .......... .......... .......... ..........  1% 2.84M 64s
  2150K .......... .......... .......... .......... ..........  1% 87.4M 62s
  2200K .......... .......... .......... .......... ..........  1% 1.53M 63s
  2250K .......... .......... .......... .......... ..........  1% 2.84M 63s
  2300K .......... .......... .......... .......... ..........  1% 3.05M 63s
  2350K .......... .......... .......... .......... ..........  1% 4.86M 62s
  2400K .......... .......... .......... .......... ..........  1% 4.27M 61s
  2450K .......... .......... .......... .......... ..........  1% 2.76M 61s
  2500K .......... .......... .......... .......... ..........  1% 3.14M 61s
  2550K .......... .......... .......... .......... ..........  1% 5.17M 60s
  2600K .......... .......... .......... .......... ..........  1% 2.21M 60s
  2650K .......... .......... .......... .......... ..........  1% 2.59M 60s
  2700K .......... .......... .......... .......... ..........  1% 4.21M 60s
  2750K .......... .......... .......... .......... ..........  1% 4.65M 59s
  2800K .......... .......... .......... .......... ..........  1% 2.04M 60s
  2850K .......... .......... .......... .......... ..........  1% 2.39M 60s
  2900K .......... .......... .......... .......... ..........  1% 2.24M 60s
  2950K .......... .......... .......... .......... ..........  1% 3.04M 60s
  3000K .......... .......... .......... .......... ..........  1% 2.05M 60s
  3050K .......... .......... .......... .......... ..........  1% 5.78M 59s
  3100K .......... .......... .......... .......... ..........  2% 2.71M 59s
  3150K .......... .......... .......... .......... ..........  2% 1.25M 60s
  3200K .......... .......... .......... .......... ..........  2% 3.06M 60s
  3250K .......... .......... .......... .......... ..........  2%  113M 59s
  3300K .......... .......... .......... .......... ..........  2% 1.66M 59s
  3350K .......... .......... .......... .......... ..........  2% 2.06M 60s
  3400K .......... .......... .......... .......... ..........  2% 8.18M 59s
  3450K .......... .......... .......... .......... ..........  2% 2.31M 59s
  3500K .......... .......... .......... .......... ..........  2% 3.96M 59s
  3550K .......... .......... .......... .......... ..........  2% 1.42M 59s
  3600K .......... .......... .......... .......... ..........  2% 6.26M 59s
  3650K .......... .......... .......... .......... ..........  2% 2.52M 59s
  3700K .......... .......... .......... .......... ..........  2% 2.83M 59s
  3750K .......... .......... .......... .......... ..........  2%  100M 58s
  3800K .......... .......... .......... .......... ..........  2% 1.14M 59s
  3850K .......... .......... .......... .......... ..........  2% 89.1M 58s
  3900K .......... .......... .......... .......... ..........  2% 4.89M 58s
  3950K .......... .......... .......... .......... ..........  2% 4.42M 57s
  4000K .......... .......... .......... .......... ..........  2% 1.75M 58s
  4050K .......... .......... .......... .......... ..........  2% 3.19M 58s
  4100K .......... .......... .......... .......... ..........  2% 1.73M 58s
  4150K .......... .......... .......... .......... ..........  2% 14.8M 57s
  4200K .......... .......... .......... .......... ..........  2% 1.38M 58s
  4250K .......... .......... .......... .......... ..........  2% 3.30M 58s
  4300K .......... .......... .......... .......... ..........  2% 3.46M 58s
  4350K .......... .......... .......... .......... ..........  2% 1.97M 58s
  4400K .......... .......... .......... .......... ..........  2% 4.98M 57s
  4450K .......... .......... .......... .......... ..........  2% 2.49M 57s
  4500K .......... .......... .......... .......... ..........  2% 88.9M 57s
  4550K .......... .......... .......... .......... ..........  2% 1.52M 57s
  4600K .......... .......... .......... .......... ..........  2%  128M 57s
  4650K .......... .......... .......... .......... ..........  3% 3.27M 56s
  4700K .......... .......... .......... .......... ..........  3% 1.62M 57s
  4750K .......... .......... .......... .......... ..........  3% 3.48M 57s
  4800K .......... .......... .......... .......... ..........  3% 2.06M 57s
  4850K .......... .......... .......... .......... ..........  3% 79.1M 56s
  4900K .......... .......... .......... .......... ..........  3% 3.55M 56s
  4950K .......... .......... .......... .......... ..........  3% 2.13M 56s
  5000K .......... .......... .......... .......... ..........  3% 9.36M 56s
  5050K .......... .......... .......... .......... ..........  3% 6.29M 55s
  5100K .......... .......... .......... .......... ..........  3%  933K 56s
  5150K .......... .......... .......... .......... ..........  3% 10.8M 56s
  5200K .......... .......... .......... .......... ..........  3% 44.2M 55s
  5250K .......... .......... .......... .......... ..........  3% 1.39M 56s
  5300K .......... .......... .......... .......... ..........  3% 4.37M 56s
  5350K .......... .......... .......... .......... ..........  3% 2.42M 56s
  5400K .......... .......... .......... .......... ..........  3% 3.93M 56s
  5450K .......... .......... .......... .......... ..........  3% 8.17M 55s
  5500K .......... .......... .......... .......... ..........  3% 1.17M 56s
  5550K .......... .......... .......... .......... ..........  3% 1.98M 56s
  5600K .......... .......... .......... .......... ..........  3% 7.86M 56s
  5650K .......... .......... .......... .......... ..........  3% 5.64M 55s
  5700K .......... .......... .......... .......... ..........  3% 1.65M 56s
  5750K .......... .......... .......... .......... ..........  3% 6.67M 55s
  5800K .......... .......... .......... .......... ..........  3% 2.44M 55s
  5850K .......... .......... .......... .......... ..........  3% 4.01M 55s
  5900K .......... .......... .......... .......... ..........  3% 1.56M 55s
  5950K .......... .......... .......... .......... ..........  3% 4.14M 55s
  6000K .......... .......... .......... .......... ..........  3% 2.02M 55s
  6050K .......... .......... .......... .......... ..........  3%  140M 55s
  6100K .......... .......... .......... .......... ..........  3% 1.73M 55s
  6150K .......... .......... .......... .......... ..........  3% 12.8M 55s
  6200K .......... .......... .......... .......... ..........  3% 2.35M 55s
  6250K .......... .......... .......... .......... ..........  4% 2.36M 55s
  6300K .......... .......... .......... .......... ..........  4% 4.09M 55s
  6350K .......... .......... .......... .......... ..........  4% 1.78M 55s
  6400K .......... .......... .......... .......... ..........  4% 2.78M 55s
  6450K .......... .......... .......... .......... ..........  4% 5.34M 55s
  6500K .......... .......... .......... .......... ..........  4% 2.58M 55s
  6550K .......... .......... .......... .......... ..........  4% 17.5M 54s
  6600K .......... .......... .......... .......... ..........  4% 1.76M 54s
  6650K .......... .......... .......... .......... ..........  4% 2.13M 55s
  6700K .......... .......... .......... .......... ..........  4% 2.64M 55s
  6750K .......... .......... .......... .......... ..........  4% 1.68M 55s
  6800K .......... .......... .......... .......... ..........  4% 2.81M 55s
  6850K .......... .......... .......... .......... ..........  4% 2.88M 55s
  6900K .......... .......... .......... .......... ..........  4% 6.83M 54s
  6950K .......... .......... .......... .......... ..........  4% 2.10M 54s
  7000K .......... .......... .......... .......... ..........  4% 22.9M 54s
  7050K .......... .......... .......... .......... ..........  4% 2.78M 54s
  7100K .......... .......... .......... .......... ..........  4% 2.30M 54s
  7150K .......... .......... .......... .......... ..........  4% 7.73M 54s
  7200K .......... .......... .......... .......... ..........  4% 1.93M 54s
  7250K .......... .......... .......... .......... ..........  4% 7.80M 54s
  7300K .......... .......... .......... .......... ..........  4% 4.44M 54s
  7350K .......... .......... .......... .......... ..........  4% 1.11M 54s
  7400K .......... .......... .......... .......... ..........  4% 96.2M 54s
  7450K .......... .......... .......... .......... ..........  4% 8.21M 53s
  7500K .......... .......... .......... .......... ..........  4% 1.73M 54s
  7550K .......... .......... .......... .......... ..........  4% 12.7M 53s
  7600K .......... .......... .......... .......... ..........  4% 1.83M 53s
  7650K .......... .......... .......... .......... ..........  4% 78.5M 53s
  7700K .......... .......... .......... .......... ..........  4% 1.69M 53s
  7750K .......... .......... .......... .......... ..........  4% 10.2M 53s
  7800K .......... .......... .......... .......... ..........  5% 6.27M 53s
  7850K .......... .......... .......... .......... ..........  5% 1.72M 53s
  7900K .......... .......... .......... .......... ..........  5% 3.10M 53s
  7950K .......... .......... .......... .......... ..........  5% 2.21M 53s
  8000K .......... .......... .......... .......... ..........  5% 3.41M 53s
  8050K .......... .......... .......... .......... ..........  5% 1.65M 53s
  8100K .......... .......... .......... .......... ..........  5% 5.92M 53s
  8150K .......... .......... .......... .......... ..........  5% 2.49M 53s
  8200K .......... .......... .......... .......... ..........  5% 5.22M 53s
  8250K .......... .......... .......... .......... ..........  5% 1.87M 53s
  8300K .......... .......... .......... .......... ..........  5% 96.0M 53s
  8350K .......... .......... .......... .......... ..........  5% 1.57M 53s
  8400K .......... .......... .......... .......... ..........  5% 2.67M 53s
  8450K .......... .......... .......... .......... ..........  5% 4.20M 53s
  8500K .......... .......... .......... .......... ..........  5%  133M 52s
  8550K .......... .......... .......... .......... ..........  5% 1.71M 53s
  8600K .......... .......... .......... .......... ..........  5% 83.1M 52s
  8650K .......... .......... .......... .......... ..........  5% 3.36M 52s
  8700K .......... .......... .......... .......... ..........  5% 2.23M 52s
  8750K .......... .......... .......... .......... ..........  5% 1.87M 52s
  8800K .......... .......... .......... .......... ..........  5% 2.88M 52s
  8850K .......... .......... .......... .......... ..........  5% 94.9M 52s
  8900K .......... .......... .......... .......... ..........  5% 2.04M 52s
  8950K .......... .......... .......... .......... ..........  5% 58.6M 52s
  9000K .......... .......... .......... .......... ..........  5% 12.1M 52s
  9050K .......... .......... .......... .......... ..........  5% 1.56M 52s
  9100K .......... .......... .......... .......... ..........  5% 1.17M 52s
  9150K .......... .......... .......... .......... ..........  5% 8.62M 52s
  9200K .......... .......... .......... .......... ..........  5% 64.2M 52s
  9250K .......... .......... .......... .......... ..........  5% 1.27M 52s
  9300K .......... .......... .......... .......... ..........  5% 81.1M 52s
  9350K .......... .......... .......... .......... ..........  6% 1.46M 52s
  9400K .......... .......... .......... .......... ..........  6% 3.65M 52s
  9450K .......... .......... .......... .......... ..........  6% 5.38M 52s
  9500K .......... .......... .......... .......... ..........  6% 2.06M 52s
  9550K .......... .......... .......... .......... ..........  6% 4.77M 52s
  9600K .......... .......... .......... .......... ..........  6% 2.38M 52s
  9650K .......... .......... .......... .......... ..........  6% 2.26M 52s
  9700K .......... .......... .......... .......... ..........  6%  114M 51s
  9750K .......... .......... .......... .......... ..........  6% 1.82M 52s
  9800K .......... .......... .......... .......... ..........  6% 78.6M 51s
  9850K .......... .......... .......... .......... ..........  6% 3.76M 51s
  9900K .......... .......... .......... .......... ..........  6% 4.35M 51s
  9950K .......... .......... .......... .......... ..........  6% 1.53M 51s
 10000K .......... .......... .......... .......... ..........  6% 3.25M 51s
 10050K .......... .......... .......... .......... ..........  6% 2.46M 51s
 10100K .......... .......... .......... .......... ..........  6% 3.39M 51s
 10150K .......... .......... .......... .......... ..........  6%  116M 51s
 10200K .......... .......... .......... .......... ..........  6% 2.52M 51s
 10250K .......... .......... .......... .......... ..........  6% 2.03M 51s
 10300K .......... .......... .......... .......... ..........  6% 2.61M 51s
 10350K .......... .......... .......... .......... ..........  6% 6.04M 51s
 10400K .......... .......... .......... .......... ..........  6% 1.91M 51s
 10450K .......... .......... .......... .......... ..........  6% 2.67M 51s
 10500K .......... .......... .......... .......... ..........  6% 2.55M 51s
 10550K .......... .......... .......... .......... ..........  6% 12.2M 51s
 10600K .......... .......... .......... .......... ..........  6% 1.62M 51s
 10650K .......... .......... .......... .......... ..........  6% 1.86M 51s
 10700K .......... .......... .......... .......... ..........  6% 92.3M 51s
 10750K .......... .......... .......... .......... ..........  6% 93.6M 50s
 10800K .......... .......... .......... .......... ..........  6% 1.13M 51s
 10850K .......... .......... .......... .......... ..........  6% 14.2M 51s
 10900K .......... .......... .......... .......... ..........  7% 2.77M 51s
 10950K .......... .......... .......... .......... ..........  7% 1.44M 51s
 11000K .......... .......... .......... .......... ..........  7% 12.1M 51s
 11050K .......... .......... .......... .......... ..........  7% 4.17M 51s
 11100K .......... .......... .......... .......... ..........  7% 1.80M 51s
 11150K .......... .......... .......... .......... ..........  7% 2.57M 51s
 11200K .......... .......... .......... .......... ..........  7% 4.79M 51s
 11250K .......... .......... .......... .......... ..........  7% 2.40M 51s
 11300K .......... .......... .......... .......... ..........  7% 1.84M 51s
 11350K .......... .......... .......... .......... ..........  7% 1.68M 51s
 11400K .......... .......... .......... .......... ..........  7% 5.48M 51s
 11450K .......... .......... .......... .......... ..........  7% 1.02M 51s
 11500K .......... .......... .......... .......... ..........  7% 9.91M 51s
 11550K .......... .......... .......... .......... ..........  7% 66.1M 51s
 11600K .......... .......... .......... .......... ..........  7% 1.00M 51s
 11650K .......... .......... .......... .......... ..........  7% 11.3M 51s
 11700K .......... .......... .......... .......... ..........  7% 6.20M 51s
 11750K .......... .......... .......... .......... ..........  7% 1.77M 51s
 11800K .......... .......... .......... .......... ..........  7% 4.58M 51s
 11850K .......... .......... .......... .......... ..........  7% 2.47M 51s
 11900K .......... .......... .......... .......... ..........  7% 1.88M 51s
 11950K .......... .......... .......... .......... ..........  7% 4.67M 51s
 12000K .......... .......... .......... .......... ..........  7%  110M 50s
 12050K .......... .......... .......... .......... ..........  7% 1.46M 51s
 12100K .......... .......... .......... .......... ..........  7% 3.04M 51s
 12150K .......... .......... .......... .......... ..........  7% 4.12M 50s
 12200K .......... .......... .......... .......... ..........  7% 1.78M 51s
 12250K .......... .......... .......... .......... ..........  7%  128M 50s
 12300K .......... .......... .......... .......... ..........  7% 9.33M 50s
 12350K .......... .......... .......... .......... ..........  7% 1.38M 50s
 12400K .......... .......... .......... .......... ..........  7% 6.52M 50s
 12450K .......... .......... .......... .......... ..........  7% 5.19M 50s
 12500K .......... .......... .......... .......... ..........  8% 4.69M 50s
 12550K .......... .......... .......... .......... ..........  8% 2.17M 50s
 12600K .......... .......... .......... .......... ..........  8% 2.62M 50s
 12650K .......... .......... .......... .......... ..........  8% 3.06M 50s
 12700K .......... .......... .......... .......... ..........  8% 1.88M 50s
 12750K .......... .......... .......... .......... ..........  8% 4.23M 50s
 12800K .......... .......... .......... .......... ..........  8% 4.42M 50s
 12850K .......... .......... .......... .......... ..........  8% 3.58M 50s
 12900K .......... .......... .......... .......... ..........  8% 3.53M 50s
 12950K .......... .......... .......... .......... ..........  8% 1.95M 50s
 13000K .......... .......... .......... .......... ..........  8% 3.44M 50s
 13050K .......... .......... .......... .......... ..........  8% 13.3M 50s
 13100K .......... .......... .......... .......... ..........  8% 78.0M 49s
 13150K .......... .......... .......... .......... ..........  8% 1.36M 50s
 13200K .......... .......... .......... .......... ..........  8% 4.19M 50s
 13250K .......... .......... .......... .......... ..........  8% 3.04M 50s
 13300K .......... .......... .......... .......... ..........  8% 2.37M 50s
 13350K .......... .......... .......... .......... ..........  8% 1.88M 50s
 13400K .......... .......... .......... .......... ..........  8% 1.14M 50s
 13450K .......... .......... .......... .......... ..........  8%  104M 50s
 13500K .......... .......... .......... .......... ..........  8% 24.2M 50s
 13550K .......... .......... .......... .......... ..........  8% 1.26M 50s
 13600K .......... .......... .......... .......... ..........  8% 1.60M 50s
 13650K .......... .......... .......... .......... ..........  8% 15.4M 50s
 13700K .......... .......... .......... .......... ..........  8%  104M 50s
 13750K .......... .......... .......... .......... ..........  8% 1.12M 50s
 13800K .......... .......... .......... .......... ..........  8%  104M 50s
 13850K .......... .......... .......... .......... ..........  8% 8.92M 49s
 13900K .......... .......... .......... .......... ..........  8% 4.38M 49s
 13950K .......... .......... .......... .......... ..........  8%  973K 50s
 14000K .......... .......... .......... .......... ..........  8% 73.8M 49s
 14050K .......... .......... .......... .......... ..........  9%  107M 49s
 14100K .......... .......... .......... .......... ..........  9%  127M 49s
 14150K .......... .......... .......... .......... ..........  9%  959K 49s
 14200K .......... .......... .......... .......... ..........  9%  121M 49s
 14250K .......... .......... .......... .......... ..........  9% 2.55M 49s
 14300K .......... .......... .......... .......... ..........  9% 1.48M 49s
 14350K .......... .......... .......... .......... ..........  9% 71.8M 49s
 14400K .......... .......... .......... .......... ..........  9% 5.40M 49s
 14450K .......... .......... .......... .......... ..........  9% 1.38M 49s
 14500K .......... .......... .......... .......... ..........  9% 2.52M 49s
 14550K .......... .......... .......... .......... ..........  9% 11.3M 49s
 14600K .......... .......... .......... .......... ..........  9% 1.58M 49s
 14650K .......... .......... .......... .......... ..........  9% 3.61M 49s
 14700K .......... .......... .......... .......... ..........  9% 3.04M 49s
 14750K .......... .......... .......... .......... ..........  9% 1.54M 49s
 14800K .......... .......... .......... .......... ..........  9% 3.06M 49s
 14850K .......... .......... .......... .......... ..........  9% 3.86M 49s
 14900K .......... .......... .......... .......... ..........  9% 4.23M 49s
 14950K .......... .......... .......... .......... ..........  9% 2.00M 49s
 15000K .......... .......... .......... .......... ..........  9% 6.59M 49s
 15050K .......... .......... .......... .......... ..........  9% 1.72M 49s
 15100K .......... .......... .......... .......... ..........  9% 5.13M 49s
 15150K .......... .......... .......... .......... ..........  9% 1.34M 49s
 15200K .......... .......... .......... .......... ..........  9% 5.40M 49s
 15250K .......... .......... .......... .......... ..........  9% 65.9M 49s
 15300K .......... .......... .......... .......... ..........  9% 2.50M 49s
 15350K .......... .......... .......... .......... ..........  9% 1.75M 49s
 15400K .......... .......... .......... .......... ..........  9% 2.29M 49s
 15450K .......... .......... .......... .......... ..........  9% 2.31M 49s
 15500K .......... .......... .......... .......... ..........  9% 69.8M 49s
 15550K .......... .......... .......... .......... ..........  9% 2.93M 49s
 15600K .......... .......... .......... .......... .......... 10%  998K 49s
 15650K .......... .......... .......... .......... .......... 10% 69.4M 49s
 15700K .......... .......... .......... .......... .......... 10%  128M 49s
 15750K .......... .......... .......... .......... .......... 10% 1.92M 49s
 15800K .......... .......... .......... .......... .......... 10% 4.52M 49s
 15850K .......... .......... .......... .......... .......... 10% 3.83M 49s
 15900K .......... .......... .......... .......... .......... 10% 1.62M 49s
 15950K .......... .......... .......... .......... .......... 10% 3.35M 49s
 16000K .......... .......... .......... .......... .......... 10% 4.66M 49s
 16050K .......... .......... .......... .......... .......... 10% 2.44M 49s
 16100K .......... .......... .......... .......... .......... 10%  119M 49s
 16150K .......... .......... .......... .......... .......... 10% 2.80M 49s
 16200K .......... .......... .......... .......... .......... 10% 1.66M 49s
 16250K .......... .......... .......... .......... .......... 10% 6.83M 49s
 16300K .......... .......... .......... .......... .......... 10% 10.9M 48s
 16350K .......... .......... .......... .......... .......... 10% 1.43M 49s
 16400K .......... .......... .......... .......... .......... 10%  126M 48s
 16450K .......... .......... .......... .......... .......... 10% 16.0M 48s
 16500K .......... .......... .......... .......... .......... 10% 2.00M 48s
 16550K .......... .......... .......... .......... .......... 10% 5.04M 48s
 16600K .......... .......... .......... .......... .......... 10% 1.85M 48s
 16650K .......... .......... .......... .......... .......... 10%  118M 48s
 16700K .......... .......... .......... .......... .......... 10% 4.64M 48s
 16750K .......... .......... .......... .......... .......... 10% 12.9M 48s
 16800K .......... .......... .......... .......... .......... 10% 1.85M 48s
 16850K .......... .......... .......... .......... .......... 10% 1.91M 48s
 16900K .......... .......... .......... .......... .......... 10% 2.58M 48s
 16950K .......... .......... .......... .......... .......... 10% 99.4M 48s
 17000K .......... .......... .......... .......... .......... 10%  126M 48s
 17050K .......... .......... .......... .......... .......... 10% 2.14M 48s
 17100K .......... .......... .......... .......... .......... 10% 4.40M 48s
 17150K .......... .......... .......... .......... .......... 10% 2.31M 48s
 17200K .......... .......... .......... .......... .......... 11%  138M 48s
 17250K .......... .......... .......... .......... .......... 11% 5.75M 47s
 17300K .......... .......... .......... .......... .......... 11% 1.43M 48s
 17350K .......... .......... .......... .......... .......... 11% 16.0M 47s
 17400K .......... .......... .......... .......... .......... 11% 1.09M 48s
 17450K .......... .......... .......... .......... .......... 11% 85.4M 47s
 17500K .......... .......... .......... .......... .......... 11% 9.78M 47s
 17550K .......... .......... .......... .......... .......... 11% 86.5M 47s
 17600K .......... .......... .......... .......... .......... 11% 2.52M 47s
 17650K .......... .......... .......... .......... .......... 11% 1.37M 47s
 17700K .......... .......... .......... .......... .......... 11% 7.91M 47s
 17750K .......... .......... .......... .......... .......... 11% 2.07M 47s
 17800K .......... .......... .......... .......... .......... 11% 10.7M 47s
 17850K .......... .......... .......... .......... .......... 11% 1.93M 47s
 17900K .......... .......... .......... .......... .......... 11% 2.37M 47s
 17950K .......... .......... .......... .......... .......... 11% 3.91M 47s
 18000K .......... .......... .......... .......... .......... 11% 3.33M 47s
 18050K .......... .......... .......... .......... .......... 11% 1.35M 47s
 18100K .......... .......... .......... .......... .......... 11% 2.49M 47s
 18150K .......... .......... .......... .......... .......... 11%  127M 47s
 18200K .......... .......... .......... .......... .......... 11%  115M 47s
 18250K .......... .......... .......... .......... .......... 11% 1.57M 47s
 18300K .......... .......... .......... .......... .......... 11%  122M 47s
 18350K .......... .......... .......... .......... .......... 11% 1.12M 47s
 18400K .......... .......... .......... .......... .......... 11% 12.4M 47s
 18450K .......... .......... .......... .......... .......... 11% 4.75M 47s
 18500K .......... .......... .......... .......... .......... 11%  964K 47s
 18550K .......... .......... .......... .......... .......... 11%  102M 47s
 18600K .......... .......... .......... .......... .......... 11%  135M 47s
 18650K .......... .......... .......... .......... .......... 11%  839K 47s
 18700K .......... .......... .......... .......... .......... 11% 1013K 47s
 18750K .......... .......... .......... .......... .......... 12% 4.41M 47s
 18800K .......... .......... .......... .......... .......... 12% 2.83M 47s
 18850K .......... .......... .......... .......... .......... 12%  140M 47s
 18900K .......... .......... .......... .......... .......... 12% 2.64M 47s
 18950K .......... .......... .......... .......... .......... 12%  136M 47s
 19000K .......... .......... .......... .......... .......... 12% 6.35M 47s
 19050K .......... .......... .......... .......... .......... 12% 2.29M 47s
 19100K .......... .......... .......... .......... .......... 12% 1.81M 47s
 19150K .......... .......... .......... .......... .......... 12% 3.61M 47s
 19200K .......... .......... .......... .......... .......... 12%  115M 47s
 19250K .......... .......... .......... .......... .......... 12% 1.71M 47s
 19300K .......... .......... .......... .......... .......... 12% 3.56M 47s
 19350K .......... .......... .......... .......... .......... 12% 2.09M 47s
 19400K .......... .......... .......... .......... .......... 12% 1.30M 47s
 19450K .......... .......... .......... .......... .......... 12%  100M 47s
 19500K .......... .......... .......... .......... .......... 12% 1.75M 47s
 19550K .......... .......... .......... .......... .......... 12% 1.61M 47s
 19600K .......... .......... .......... .......... .......... 12% 3.85M 47s
 19650K .......... .......... .......... .......... .......... 12% 3.63M 47s
 19700K .......... .......... .......... .......... .......... 12% 1.87M 47s
 19750K .......... .......... .......... .......... .......... 12% 1.71M 47s
 19800K .......... .......... .......... .......... .......... 12% 40.8M 47s
 19850K .......... .......... .......... .......... .......... 12% 1.48M 47s
 19900K .......... .......... .......... .......... .......... 12% 3.65M 47s
 19950K .......... .......... .......... .......... .......... 12% 1.42M 47s
 20000K .......... .......... .......... .......... .......... 12% 1.98M 47s
 20050K .......... .......... .......... .......... .......... 12%  790K 47s
 20100K .......... .......... .......... .......... .......... 12% 15.5M 47s
 20150K .......... .......... .......... .......... .......... 12% 2.46M 47s
 20200K .......... .......... .......... .......... .......... 12% 2.30M 47s
 20250K .......... .......... .......... .......... .......... 12% 3.73M 47s
 20300K .......... .......... .......... .......... .......... 13%  870K 47s
 20350K .......... .......... .......... .......... .......... 13% 1.08M 48s
 20400K .......... .......... .......... .......... .......... 13%  126M 48s
 20450K .......... .......... .......... .......... .......... 13% 85.6M 47s
 20500K .......... .......... .......... .......... .......... 13%  130M 47s
 20550K .......... .......... .......... .......... .......... 13%  868K 47s
 20600K .......... .......... .......... .......... .......... 13%  114M 47s
 20650K .......... .......... .......... .......... .......... 13% 1.20M 47s
 20700K .......... .......... .......... .......... .......... 13% 93.9M 47s
 20750K .......... .......... .......... .......... .......... 13% 1.84M 47s
 20800K .......... .......... .......... .......... .......... 13% 1.08M 48s
 20850K .......... .......... .......... .......... .......... 13% 5.02M 48s
 20900K .......... .......... .......... .......... .......... 13% 1.40M 48s
 20950K .......... .......... .......... .......... .......... 13% 2.85M 48s
 21000K .......... .......... .......... .......... .......... 13% 4.66M 48s
 21050K .......... .......... .......... .......... .......... 13% 1.80M 48s
 21100K .......... .......... .......... .......... .......... 13% 1.44M 48s
 21150K .......... .......... .......... .......... .......... 13% 2.77M 48s
 21200K .......... .......... .......... .......... .......... 13% 3.34M 48s
 21250K .......... .......... .......... .......... .......... 13% 1.14M 48s
 21300K .......... .......... .......... .......... .......... 13%  100M 48s
 21350K .......... .......... .......... .......... .......... 13% 2.53M 48s
 21400K .......... .......... .......... .......... .......... 13% 1.65M 48s
 21450K .......... .......... .......... .......... .......... 13% 2.32M 48s
 21500K .......... .......... .......... .......... .......... 13% 2.30M 48s
 21550K .......... .......... .......... .......... .......... 13% 1.70M 48s
 21600K .......... .......... .......... .......... .......... 13% 1.56M 48s
 21650K .......... .......... .......... .......... .......... 13% 3.53M 48s
 21700K .......... .......... .......... .......... .......... 13% 2.76M 48s
 21750K .......... .......... .......... .......... .......... 13% 1.17M 48s
 21800K .......... .......... .......... .......... .......... 13% 6.35M 48s
 21850K .......... .......... .......... .......... .......... 14% 2.45M 48s
 21900K .......... .......... .......... .......... .......... 14% 1.58M 48s
 21950K .......... .......... .......... .......... .......... 14% 2.88M 48s
 22000K .......... .......... .......... .......... .......... 14% 2.83M 48s
 22050K .......... .......... .......... .......... .......... 14% 3.61M 48s
 22100K .......... .......... .......... .......... .......... 14% 1.27M 48s
 22150K .......... .......... .......... .......... .......... 14% 3.83M 48s
 22200K .......... .......... .......... .......... .......... 14% 2.66M 48s
 22250K .......... .......... .......... .......... .......... 14% 3.53M 48s
 22300K .......... .......... .......... .......... .......... 14% 2.75M 48s
 22350K .......... .......... .......... .......... .......... 14% 1.35M 48s
 22400K .......... .......... .......... .......... .......... 14% 2.72M 48s
 22450K .......... .......... .......... .......... .......... 14% 3.28M 48s
 22500K .......... .......... .......... .......... .......... 14% 2.65M 48s
 22550K .......... .......... .......... .......... .......... 14% 3.10M 48s
 22600K .......... .......... .......... .......... .......... 14% 2.82M 48s
 22650K .......... .......... .......... .......... .......... 14% 2.13M 48s
 22700K .......... .......... .......... .......... .......... 14% 1.99M 48s
 22750K .......... .......... .......... .......... .......... 14% 2.56M 48s
 22800K .......... .......... .......... .......... .......... 14% 1.62M 48s
 22850K .......... .......... .......... .......... .......... 14% 2.34M 48s
 22900K .......... .......... .......... .......... .......... 14% 1.96M 48s
 22950K .......... .......... .......... .......... .......... 14% 16.9M 48s
 23000K .......... .......... .......... .......... .......... 14% 2.32M 48s
 23050K .......... .......... .......... .......... .......... 14% 1.66M 48s
 23100K .......... .......... .......... .......... .......... 14% 91.8M 48s
 23150K .......... .......... .......... .......... .......... 14% 1.49M 48s
 23200K .......... .......... .......... .......... .......... 14% 2.06M 48s
 23250K .......... .......... .......... .......... .......... 14% 4.36M 48s
 23300K .......... .......... .......... .......... .......... 14% 3.86M 48s
 23350K .......... .......... .......... .......... .......... 14% 2.15M 48s
 23400K .......... .......... .......... .......... .......... 14% 4.41M 48s
 23450K .......... .......... .......... .......... .......... 15% 1.65M 48s
 23500K .......... .......... .......... .......... .......... 15% 98.7M 47s
 23550K .......... .......... .......... .......... .......... 15% 1.45M 48s
 23600K .......... .......... .......... .......... .......... 15% 5.85M 47s
 23650K .......... .......... .......... .......... .......... 15% 2.26M 47s
 23700K .......... .......... .......... .......... .......... 15% 2.16M 48s
 23750K .......... .......... .......... .......... .......... 15% 3.31M 47s
 23800K .......... .......... .......... .......... .......... 15% 3.16M 47s
 23850K .......... .......... .......... .......... .......... 15% 3.21M 47s
 23900K .......... .......... .......... .......... .......... 15%  935K 48s
 23950K .......... .......... .......... .......... .......... 15% 88.4M 47s
 24000K .......... .......... .......... .......... .......... 15% 19.8M 47s
 24050K .......... .......... .......... .......... .......... 15%  992K 48s
 24100K .......... .......... .......... .......... .......... 15% 4.95M 47s
 24150K .......... .......... .......... .......... .......... 15% 1.54M 48s
 24200K .......... .......... .......... .......... .......... 15% 1.84M 48s
 24250K .......... .......... .......... .......... .......... 15% 2.14M 48s
 24300K .......... .......... .......... .......... .......... 15% 2.38M 48s
 24350K .......... .......... .......... .......... .......... 15% 1.56M 48s
 24400K .......... .......... .......... .......... .......... 15% 5.95M 48s
 24450K .......... .......... .......... .......... .......... 15% 2.35M 48s
 24500K .......... .......... .......... .......... .......... 15% 2.70M 48s
 24550K .......... .......... .......... .......... .......... 15% 1.33M 48s
 24600K .......... .......... .......... .......... .......... 15% 3.82M 48s
 24650K .......... .......... .......... .......... .......... 15%  128M 47s
 24700K .......... .......... .......... .......... .......... 15% 1.11M 48s
 24750K .......... .......... .......... .......... .......... 15% 1.55M 48s
 24800K .......... .......... .......... .......... .......... 15% 3.90M 48s
 24850K .......... .......... .......... .......... .......... 15% 3.54M 48s
 24900K .......... .......... .......... .......... .......... 15% 3.20M 47s
 24950K .......... .......... .......... .......... .......... 15% 2.15M 47s
 25000K .......... .......... .......... .......... .......... 16% 2.32M 47s
 25050K .......... .......... .......... .......... .......... 16% 2.82M 47s
 25100K .......... .......... .......... .......... .......... 16% 1.86M 47s
 25150K .......... .......... .......... .......... .......... 16% 1.47M 48s
 25200K .......... .......... .......... .......... .......... 16% 2.98M 48s
 25250K .......... .......... .......... .......... .......... 16% 7.04M 47s
 25300K .......... .......... .......... .......... .......... 16% 2.14M 47s
 25350K .......... .......... .......... .......... .......... 16% 2.85M 47s
 25400K .......... .......... .......... .......... .......... 16% 2.73M 47s
 25450K .......... .......... .......... .......... .......... 16% 3.49M 47s
 25500K .......... .......... .......... .......... .......... 16% 2.12M 47s
 25550K .......... .......... .......... .......... .......... 16% 3.87M 47s
 25600K .......... .......... .......... .......... .......... 16% 2.28M 47s
 25650K .......... .......... .......... .......... .......... 16% 10.9M 47s
 25700K .......... .......... .......... .......... .......... 16% 1.58M 47s
 25750K .......... .......... .......... .......... .......... 16% 2.20M 47s
 25800K .......... .......... .......... .......... .......... 16%  131M 47s
 25850K .......... .......... .......... .......... .......... 16% 3.45M 47s
 25900K .......... .......... .......... .......... .......... 16% 3.00M 47s
 25950K .......... .......... .......... .......... .......... 16% 1.21M 47s
 26000K .......... .......... .......... .......... .......... 16% 92.6M 47s
 26050K .......... .......... .......... .......... .......... 16%  130M 47s
 26100K .......... .......... .......... .......... .......... 16%  132M 47s
 26150K .......... .......... .......... .......... .......... 16% 36.6M 47s
 26200K .......... .......... .......... .......... .......... 16% 3.66M 47s
 26250K .......... .......... .......... .......... .......... 16% 13.6M 47s
 26300K .......... .......... .......... .......... .......... 16% 2.50M 47s
 26350K .......... .......... .......... .......... .......... 16% 4.28M 47s
 26400K .......... .......... .......... .......... .......... 16% 5.34M 47s
 26450K .......... .......... .......... .......... .......... 16% 3.93M 47s
 26500K .......... .......... .......... .......... .......... 16% 2.77M 46s
 26550K .......... .......... .......... .......... .......... 17% 5.61M 46s
 26600K .......... .......... .......... .......... .......... 17% 3.36M 46s
 26650K .......... .......... .......... .......... .......... 17% 2.70M 46s
 26700K .......... .......... .......... .......... .......... 17% 61.6M 46s
 26750K .......... .......... .......... .......... .......... 17% 2.93M 46s
 26800K .......... .......... .......... .......... .......... 17% 3.57M 46s
 26850K .......... .......... .......... .......... .......... 17% 6.73M 46s
 26900K .......... .......... .......... .......... .......... 17% 5.21M 46s
 26950K .......... .......... .......... .......... .......... 17% 4.98M 46s
 27000K .......... .......... .......... .......... .......... 17% 5.15M 46s
 27050K .......... .......... .......... .......... .......... 17% 10.3M 46s
 27100K .......... .......... .......... .......... .......... 17% 4.03M 46s
 27150K .......... .......... .......... .......... .......... 17% 3.03M 46s
 27200K .......... .......... .......... .......... .......... 17% 7.38M 46s
 27250K .......... .......... .......... .......... .......... 17% 5.76M 46s
 27300K .......... .......... .......... .......... .......... 17% 5.09M 46s
 27350K .......... .......... .......... .......... .......... 17% 8.08M 46s
 27400K .......... .......... .......... .......... .......... 17% 3.18M 46s
 27450K .......... .......... .......... .......... .......... 17% 80.4M 45s
 27500K .......... .......... .......... .......... .......... 17% 2.85M 45s
 27550K .......... .......... .......... .......... .......... 17% 5.07M 45s
 27600K .......... .......... .......... .......... .......... 17% 5.69M 45s
 27650K .......... .......... .......... .......... .......... 17% 2.84M 45s
 27700K .......... .......... .......... .......... .......... 17% 3.23M 45s
 27750K .......... .......... .......... .......... .......... 17% 12.8M 45s
 27800K .......... .......... .......... .......... .......... 17% 4.76M 45s
 27850K .......... .......... .......... .......... .......... 17% 3.27M 45s
 27900K .......... .......... .......... .......... .......... 17%  124M 45s
 27950K .......... .......... .......... .......... .......... 17% 3.07M 45s
 28000K .......... .......... .......... .......... .......... 17% 14.1M 45s
 28050K .......... .......... .......... .......... .......... 17% 3.93M 45s
 28100K .......... .......... .......... .......... .......... 18% 16.9M 45s
 28150K .......... .......... .......... .......... .......... 18% 4.84M 45s
 28200K .......... .......... .......... .......... .......... 18% 14.3M 45s
 28250K .......... .......... .......... .......... .......... 18% 6.24M 45s
 28300K .......... .......... .......... .......... .......... 18% 6.19M 45s
 28350K .......... .......... .......... .......... .......... 18% 7.58M 44s
 28400K .......... .......... .......... .......... .......... 18% 2.55M 44s
 28450K .......... .......... .......... .......... .......... 18% 7.86M 44s
 28500K .......... .......... .......... .......... .......... 18% 6.05M 44s
 28550K .......... .......... .......... .......... .......... 18% 15.1M 44s
 28600K .......... .......... .......... .......... .......... 18% 4.12M 44s
 28650K .......... .......... .......... .......... .......... 18% 6.78M 44s
 28700K .......... .......... .......... .......... .......... 18% 3.75M 44s
 28750K .......... .......... .......... .......... .......... 18% 17.2M 44s
 28800K .......... .......... .......... .......... .......... 18% 6.24M 44s
 28850K .......... .......... .......... .......... .......... 18% 7.97M 44s
 28900K .......... .......... .......... .......... .......... 18% 10.9M 44s
 28950K .......... .......... .......... .......... .......... 18% 1.95M 44s
 29000K .......... .......... .......... .......... .......... 18% 35.4M 44s
 29050K .......... .......... .......... .......... .......... 18% 2.48M 44s
 29100K .......... .......... .......... .......... .......... 18% 7.02M 44s
 29150K .......... .......... .......... .......... .......... 18% 5.11M 44s
 29200K .......... .......... .......... .......... .......... 18% 5.03M 44s
 29250K .......... .......... .......... .......... .......... 18% 6.79M 44s
 29300K .......... .......... .......... .......... .......... 18% 7.23M 43s
 29350K .......... .......... .......... .......... .......... 18% 10.8M 43s
 29400K .......... .......... .......... .......... .......... 18% 4.65M 43s
 29450K .......... .......... .......... .......... .......... 18% 12.7M 43s
 29500K .......... .......... .......... .......... .......... 18% 4.48M 43s
 29550K .......... .......... .......... .......... .......... 18% 5.16M 43s
 29600K .......... .......... .......... .......... .......... 18% 5.11M 43s
 29650K .......... .......... .......... .......... .......... 18% 6.74M 43s
 29700K .......... .......... .......... .......... .......... 19% 5.42M 43s
 29750K .......... .......... .......... .......... .......... 19% 12.5M 43s
 29800K .......... .......... .......... .......... .......... 19% 1.97M 43s
 29850K .......... .......... .......... .......... .......... 19% 19.2M 43s
 29900K .......... .......... .......... .......... .......... 19% 3.07M 43s
 29950K .......... .......... .......... .......... .......... 19% 5.97M 43s
 30000K .......... .......... .......... .......... .......... 19% 6.13M 43s
 30050K .......... .......... .......... .......... .......... 19% 3.98M 43s
 30100K .......... .......... .......... .......... .......... 19% 20.4M 43s
 30150K .......... .......... .......... .......... .......... 19% 4.64M 43s
 30200K .......... .......... .......... .......... .......... 19% 2.31M 43s
 30250K .......... .......... .......... .......... .......... 19% 76.4M 42s
 30300K .......... .......... .......... .......... .......... 19% 3.02M 42s
 30350K .......... .......... .......... .......... .......... 19% 10.0M 42s
 30400K .......... .......... .......... .......... .......... 19% 4.79M 42s
 30450K .......... .......... .......... .......... .......... 19% 9.10M 42s
 30500K .......... .......... .......... .......... .......... 19% 8.83M 42s
 30550K .......... .......... .......... .......... .......... 19% 4.58M 42s
 30600K .......... .......... .......... .......... .......... 19% 6.57M 42s
 30650K .......... .......... .......... .......... .......... 19% 6.71M 42s
 30700K .......... .......... .......... .......... .......... 19% 8.85M 42s
 30750K .......... .......... .......... .......... .......... 19% 8.18M 42s
 30800K .......... .......... .......... .......... .......... 19% 6.98M 42s
 30850K .......... .......... .......... .......... .......... 19% 5.10M 42s
 30900K .......... .......... .......... .......... .......... 19% 15.8M 42s
 30950K .......... .......... .......... .......... .......... 19% 3.76M 42s
 31000K .......... .......... .......... .......... .......... 19% 13.7M 42s
 31050K .......... .......... .......... .......... .......... 19% 7.00M 42s
 31100K .......... .......... .......... .......... .......... 19% 12.1M 42s
 31150K .......... .......... .......... .......... .......... 19% 7.40M 42s
 31200K .......... .......... .......... .......... .......... 19% 3.38M 41s
 31250K .......... .......... .......... .......... .......... 20% 13.7M 41s
 31300K .......... .......... .......... .......... .......... 20% 4.76M 41s
 31350K .......... .......... .......... .......... .......... 20% 19.8M 41s
 31400K .......... .......... .......... .......... .......... 20% 3.60M 41s
 31450K .......... .......... .......... .......... .......... 20% 13.4M 41s
 31500K .......... .......... .......... .......... .......... 20% 3.76M 41s
 31550K .......... .......... .......... .......... .......... 20% 96.4M 41s
 31600K .......... .......... .......... .......... .......... 20% 1.41M 41s
 31650K .......... .......... .......... .......... .......... 20% 9.35M 41s
 31700K .......... .......... .......... .......... .......... 20% 7.79M 41s
 31750K .......... .......... .......... .......... .......... 20% 5.24M 41s
 31800K .......... .......... .......... .......... .......... 20% 7.08M 41s
 31850K .......... .......... .......... .......... .......... 20% 24.2M 41s
 31900K .......... .......... .......... .......... .......... 20% 2.78M 41s
 31950K .......... .......... .......... .......... .......... 20% 70.0M 41s
 32000K .......... .......... .......... .......... .......... 20% 1.77M 41s
 32050K .......... .......... .......... .......... .......... 20% 78.4M 41s
 32100K .......... .......... .......... .......... .......... 20%  105M 41s
 32150K .......... .......... .......... .......... .......... 20% 2.36M 41s
 32200K .......... .......... .......... .......... .......... 20% 18.8M 41s
 32250K .......... .......... .......... .......... .......... 20% 3.06M 41s
 32300K .......... .......... .......... .......... .......... 20% 23.6M 40s
 32350K .......... .......... .......... .......... .......... 20% 5.01M 40s
 32400K .......... .......... .......... .......... .......... 20% 5.79M 40s
 32450K .......... .......... .......... .......... .......... 20% 12.6M 40s
 32500K .......... .......... .......... .......... .......... 20% 5.93M 40s
 32550K .......... .......... .......... .......... .......... 20% 3.77M 40s
 32600K .......... .......... .......... .......... .......... 20% 69.6M 40s
 32650K .......... .......... .......... .......... .......... 20% 1.85M 40s
 32700K .......... .......... .......... .......... .......... 20% 64.3M 40s
 32750K .......... .......... .......... .......... .......... 20% 90.8M 40s
 32800K .......... .......... .......... .......... .......... 21% 3.02M 40s
 32850K .......... .......... .......... .......... .......... 21% 3.66M 40s
 32900K .......... .......... .......... .......... .......... 21% 20.9M 40s
 32950K .......... .......... .......... .......... .......... 21% 6.84M 40s
 33000K .......... .......... .......... .......... .......... 21% 7.16M 40s
 33050K .......... .......... .......... .......... .......... 21% 2.26M 40s
 33100K .......... .......... .......... .......... .......... 21% 22.8M 40s
 33150K .......... .......... .......... .......... .......... 21% 3.30M 40s
 33200K .......... .......... .......... .......... .......... 21% 8.90M 40s
 33250K .......... .......... .......... .......... .......... 21% 18.2M 40s
 33300K .......... .......... .......... .......... .......... 21% 5.45M 40s
 33350K .......... .......... .......... .......... .......... 21% 5.29M 40s
 33400K .......... .......... .......... .......... .......... 21% 2.05M 40s
 33450K .......... .......... .......... .......... .......... 21% 79.0M 39s
 33500K .......... .......... .......... .......... .......... 21% 18.8M 39s
 33550K .......... .......... .......... .......... .......... 21% 1.51M 39s
 33600K .......... .......... .......... .......... .......... 21% 29.4M 39s
 33650K .......... .......... .......... .......... .......... 21% 1.05M 39s
 33700K .......... .......... .......... .......... .......... 21% 78.8M 39s
 33750K .......... .......... .......... .......... .......... 21% 81.8M 39s
 33800K .......... .......... .......... .......... .......... 21% 2.09M 39s
 33850K .......... .......... .......... .......... .......... 21% 4.21M 39s
 33900K .......... .......... .......... .......... .......... 21% 1.58M 39s
 33950K .......... .......... .......... .......... .......... 21% 67.3M 39s
 34000K .......... .......... .......... .......... .......... 21% 11.8M 39s
 34050K .......... .......... .......... .......... .......... 21% 2.70M 39s
 34100K .......... .......... .......... .......... .......... 21% 45.2M 39s
 34150K .......... .......... .......... .......... .......... 21% 1.48M 39s
 34200K .......... .......... .......... .......... .......... 21% 48.4M 39s
 34250K .......... .......... .......... .......... .......... 21% 8.36M 39s
 34300K .......... .......... .......... .......... .......... 21% 3.35M 39s
 34350K .......... .......... .......... .......... .......... 21% 74.6M 39s
 34400K .......... .......... .......... .......... .......... 22% 2.78M 39s
 34450K .......... .......... .......... .......... .......... 22% 78.3M 39s
 34500K .......... .......... .......... .......... .......... 22% 13.7M 39s
 34550K .......... .......... .......... .......... .......... 22% 4.59M 39s
 34600K .......... .......... .......... .......... .......... 22% 19.6M 39s
 34650K .......... .......... .......... .......... .......... 22% 4.47M 39s
 34700K .......... .......... .......... .......... .......... 22% 3.94M 39s
 34750K .......... .......... .......... .......... .......... 22% 66.2M 39s
 34800K .......... .......... .......... .......... .......... 22% 2.65M 39s
 34850K .......... .......... .......... .......... .......... 22% 5.15M 39s
 34900K .......... .......... .......... .......... .......... 22% 14.4M 39s
 34950K .......... .......... .......... .......... .......... 22% 2.92M 39s
 35000K .......... .......... .......... .......... .......... 22% 11.1M 38s
 35050K .......... .......... .......... .......... .......... 22% 12.2M 38s
 35100K .......... .......... .......... .......... .......... 22% 5.39M 38s
 35150K .......... .......... .......... .......... .......... 22% 7.16M 38s
 35200K .......... .......... .......... .......... .......... 22% 4.96M 38s
 35250K .......... .......... .......... .......... .......... 22% 16.7M 38s
 35300K .......... .......... .......... .......... .......... 22% 16.8M 38s
 35350K .......... .......... .......... .......... .......... 22% 2.30M 38s
 35400K .......... .......... .......... .......... .......... 22% 84.3M 38s
 35450K .......... .......... .......... .......... .......... 22% 1.74M 38s
 35500K .......... .......... .......... .......... .......... 22% 17.2M 38s
 35550K .......... .......... .......... .......... .......... 22%  123M 38s
 35600K .......... .......... .......... .......... .......... 22% 3.37M 38s
 35650K .......... .......... .......... .......... .......... 22% 11.6M 38s
 35700K .......... .......... .......... .......... .......... 22% 5.14M 38s
 35750K .......... .......... .......... .......... .......... 22% 10.5M 38s
 35800K .......... .......... .......... .......... .......... 22% 11.9M 38s
 35850K .......... .......... .......... .......... .......... 22% 14.9M 38s
 35900K .......... .......... .......... .......... .......... 22% 11.1M 38s
 35950K .......... .......... .......... .......... .......... 23% 6.67M 38s
 36000K .......... .......... .......... .......... .......... 23% 6.55M 38s
 36050K .......... .......... .......... .......... .......... 23% 17.4M 38s
 36100K .......... .......... .......... .......... .......... 23% 17.4M 37s
 36150K .......... .......... .......... .......... .......... 23% 4.02M 37s
 36200K .......... .......... .......... .......... .......... 23% 18.0M 37s
 36250K .......... .......... .......... .......... .......... 23% 4.14M 37s
 36300K .......... .......... .......... .......... .......... 23% 7.70M 37s
 36350K .......... .......... .......... .......... .......... 23% 80.6M 37s
 36400K .......... .......... .......... .......... .......... 23% 3.05M 37s
 36450K .......... .......... .......... .......... .......... 23% 86.7M 37s
 36500K .......... .......... .......... .......... .......... 23% 17.5M 37s
 36550K .......... .......... .......... .......... .......... 23% 5.81M 37s
 36600K .......... .......... .......... .......... .......... 23% 12.7M 37s
 36650K .......... .......... .......... .......... .......... 23% 5.64M 37s
 36700K .......... .......... .......... .......... .......... 23% 7.30M 37s
 36750K .......... .......... .......... .......... .......... 23% 67.2M 37s
 36800K .......... .......... .......... .......... .......... 23% 11.4M 37s
 36850K .......... .......... .......... .......... .......... 23% 3.31M 37s
 36900K .......... .......... .......... .......... .......... 23% 4.44M 37s
 36950K .......... .......... .......... .......... .......... 23% 79.4M 37s
 37000K .......... .......... .......... .......... .......... 23% 7.92M 37s
 37050K .......... .......... .......... .......... .......... 23% 6.06M 37s
 37100K .......... .......... .......... .......... .......... 23% 15.2M 37s
 37150K .......... .......... .......... .......... .......... 23% 12.3M 37s
 37200K .......... .......... .......... .......... .......... 23% 3.90M 36s
 37250K .......... .......... .......... .......... .......... 23% 73.0M 36s
 37300K .......... .......... .......... .......... .......... 23% 11.4M 36s
 37350K .......... .......... .......... .......... .......... 23% 2.08M 36s
 37400K .......... .......... .......... .......... .......... 23% 62.8M 36s
 37450K .......... .......... .......... .......... .......... 23% 14.4M 36s
 37500K .......... .......... .......... .......... .......... 24% 3.35M 36s
 37550K .......... .......... .......... .......... .......... 24% 72.5M 36s
 37600K .......... .......... .......... .......... .......... 24% 11.8M 36s
 37650K .......... .......... .......... .......... .......... 24% 4.89M 36s
 37700K .......... .......... .......... .......... .......... 24% 17.0M 36s
 37750K .......... .......... .......... .......... .......... 24% 11.9M 36s
 37800K .......... .......... .......... .......... .......... 24% 4.30M 36s
 37850K .......... .......... .......... .......... .......... 24% 65.4M 36s
 37900K .......... .......... .......... .......... .......... 24% 2.26M 36s
 37950K .......... .......... .......... .......... .......... 24% 74.3M 36s
 38000K .......... .......... .......... .......... .......... 24% 16.7M 36s
 38050K .......... .......... .......... .......... .......... 24% 3.80M 36s
 38100K .......... .......... .......... .......... .......... 24% 84.6M 36s
 38150K .......... .......... .......... .......... .......... 24% 4.76M 36s
 38200K .......... .......... .......... .......... .......... 24% 5.86M 36s
 38250K .......... .......... .......... .......... .......... 24% 16.8M 36s
 38300K .......... .......... .......... .......... .......... 24% 13.5M 36s
 38350K .......... .......... .......... .......... .......... 24% 4.67M 36s
 38400K .......... .......... .......... .......... .......... 24% 54.9M 35s
 38450K .......... .......... .......... .......... .......... 24% 4.18M 35s
 38500K .......... .......... .......... .......... .......... 24% 5.73M 35s
 38550K .......... .......... .......... .......... .......... 24% 94.1M 35s
 38600K .......... .......... .......... .......... .......... 24% 9.81M 35s
 38650K .......... .......... .......... .......... .......... 24% 4.38M 35s
 38700K .......... .......... .......... .......... .......... 24% 12.9M 35s
 38750K .......... .......... .......... .......... .......... 24% 11.5M 35s
 38800K .......... .......... .......... .......... .......... 24% 3.35M 35s
 38850K .......... .......... .......... .......... .......... 24% 83.8M 35s
 38900K .......... .......... .......... .......... .......... 24% 7.88M 35s
 38950K .......... .......... .......... .......... .......... 24% 6.49M 35s
 39000K .......... .......... .......... .......... .......... 24% 36.7M 35s
 39050K .......... .......... .......... .......... .......... 25% 5.29M 35s
 39100K .......... .......... .......... .......... .......... 25% 5.03M 35s
 39150K .......... .......... .......... .......... .......... 25% 63.5M 35s
 39200K .......... .......... .......... .......... .......... 25% 6.61M 35s
 39250K .......... .......... .......... .......... .......... 25% 4.58M 35s
 39300K .......... .......... .......... .......... .......... 25% 86.8M 35s
 39350K .......... .......... .......... .......... .......... 25% 4.11M 35s
 39400K .......... .......... .......... .......... .......... 25% 5.54M 35s
 39450K .......... .......... .......... .......... .......... 25% 12.5M 35s
 39500K .......... .......... .......... .......... .......... 25% 7.01M 35s
 39550K .......... .......... .......... .......... .......... 25% 4.49M 35s
 39600K .......... .......... .......... .......... .......... 25% 83.7M 35s
 39650K .......... .......... .......... .......... .......... 25% 12.5M 34s
 39700K .......... .......... .......... .......... .......... 25% 4.04M 34s
 39750K .......... .......... .......... .......... .......... 25% 88.3M 34s
 39800K .......... .......... .......... .......... .......... 25% 16.6M 34s
 39850K .......... .......... .......... .......... .......... 25% 81.1M 34s
 39900K .......... .......... .......... .......... .......... 25% 3.48M 34s
 39950K .......... .......... .......... .......... .......... 25% 7.57M 34s
 40000K .......... .......... .......... .......... .......... 25% 85.8M 34s
 40050K .......... .......... .......... .......... .......... 25% 8.78M 34s
 40100K .......... .......... .......... .......... .......... 25% 19.0M 34s
 40150K .......... .......... .......... .......... .......... 25% 5.09M 34s
 40200K .......... .......... .......... .......... .......... 25% 3.49M 34s
 40250K .......... .......... .......... .......... .......... 25% 60.5M 34s
 40300K .......... .......... .......... .......... .......... 25% 9.75M 34s
 40350K .......... .......... .......... .......... .......... 25% 4.47M 34s
 40400K .......... .......... .......... .......... .......... 25% 93.7M 34s
 40450K .......... .......... .......... .......... .......... 25% 6.30M 34s
 40500K .......... .......... .......... .......... .......... 25% 8.81M 34s
 40550K .......... .......... .......... .......... .......... 25% 30.6M 34s
 40600K .......... .......... .......... .......... .......... 25% 3.13M 34s
 40650K .......... .......... .......... .......... .......... 26% 75.1M 34s
 40700K .......... .......... .......... .......... .......... 26% 12.5M 34s
 40750K .......... .......... .......... .......... .......... 26% 2.67M 34s
 40800K .......... .......... .......... .......... .......... 26% 87.6M 34s
 40850K .......... .......... .......... .......... .......... 26% 66.6M 33s
 40900K .......... .......... .......... .......... .......... 26% 93.5M 33s
 40950K .......... .......... .......... .......... .......... 26% 2.43M 33s
 41000K .......... .......... .......... .......... .......... 26% 20.3M 33s
 41050K .......... .......... .......... .......... .......... 26% 67.8M 33s
 41100K .......... .......... .......... .......... .......... 26% 2.57M 33s
 41150K .......... .......... .......... .......... .......... 26% 81.2M 33s
 41200K .......... .......... .......... .......... .......... 26% 59.1M 33s
 41250K .......... .......... .......... .......... .......... 26% 3.49M 33s
 41300K .......... .......... .......... .......... .......... 26% 13.8M 33s
 41350K .......... .......... .......... .......... .......... 26% 15.3M 33s
 41400K .......... .......... .......... .......... .......... 26% 4.53M 33s
 41450K .......... .......... .......... .......... .......... 26% 12.8M 33s
 41500K .......... .......... .......... .......... .......... 26% 75.0M 33s
 41550K .......... .......... .......... .......... .......... 26% 2.16M 33s
 41600K .......... .......... .......... .......... .......... 26% 18.6M 33s
 41650K .......... .......... .......... .......... .......... 26% 60.5M 33s
 41700K .......... .......... .......... .......... .......... 26% 3.23M 33s
 41750K .......... .......... .......... .......... .......... 26% 11.4M 33s
 41800K .......... .......... .......... .......... .......... 26% 96.7M 33s
 41850K .......... .......... .......... .......... .......... 26% 5.77M 33s
 41900K .......... .......... .......... .......... .......... 26% 4.33M 33s
 41950K .......... .......... .......... .......... .......... 26% 66.3M 33s
 42000K .......... .......... .......... .......... .......... 26% 36.1M 33s
 42050K .......... .......... .......... .......... .......... 26% 3.26M 33s
 42100K .......... .......... .......... .......... .......... 26% 62.4M 33s
 42150K .......... .......... .......... .......... .......... 26% 5.59M 33s
 42200K .......... .......... .......... .......... .......... 27% 4.50M 33s
 42250K .......... .......... .......... .......... .......... 27% 78.9M 32s
 42300K .......... .......... .......... .......... .......... 27% 93.9M 32s
 42350K .......... .......... .......... .......... .......... 27% 3.22M 32s
 42400K .......... .......... .......... .......... .......... 27% 90.2M 32s
 42450K .......... .......... .......... .......... .......... 27% 77.6M 32s
 42500K .......... .......... .......... .......... .......... 27% 17.2M 32s
 42550K .......... .......... .......... .......... .......... 27% 4.00M 32s
 42600K .......... .......... .......... .......... .......... 27% 71.7M 32s
 42650K .......... .......... .......... .......... .......... 27% 13.9M 32s
 42700K .......... .......... .......... .......... .......... 27% 6.79M 32s
 42750K .......... .......... .......... .......... .......... 27% 16.8M 32s
 42800K .......... .......... .......... .......... .......... 27% 12.0M 32s
 42850K .......... .......... .......... .......... .......... 27% 83.3M 32s
 42900K .......... .......... .......... .......... .......... 27% 4.97M 32s
 42950K .......... .......... .......... .......... .......... 27% 15.0M 32s
 43000K .......... .......... .......... .......... .......... 27% 10.9M 32s
 43050K .......... .......... .......... .......... .......... 27% 4.48M 32s
 43100K .......... .......... .......... .......... .......... 27% 69.7M 32s
 43150K .......... .......... .......... .......... .......... 27% 23.0M 32s
 43200K .......... .......... .......... .......... .......... 27% 2.78M 32s
 43250K .......... .......... .......... .......... .......... 27% 15.7M 32s
 43300K .......... .......... .......... .......... .......... 27% 75.7M 32s
 43350K .......... .......... .......... .......... .......... 27% 6.89M 32s
 43400K .......... .......... .......... .......... .......... 27% 4.99M 32s
 43450K .......... .......... .......... .......... .......... 27% 95.5M 32s
 43500K .......... .......... .......... .......... .......... 27% 15.6M 32s
 43550K .......... .......... .......... .......... .......... 27% 4.00M 32s
 43600K .......... .......... .......... .......... .......... 27% 9.83M 31s
 43650K .......... .......... .......... .......... .......... 27% 71.1M 31s
 43700K .......... .......... .......... .......... .......... 27% 92.5M 31s
 43750K .......... .......... .......... .......... .......... 28% 8.60M 31s
 43800K .......... .......... .......... .......... .......... 28% 3.17M 31s
 43850K .......... .......... .......... .......... .......... 28% 25.2M 31s
 43900K .......... .......... .......... .......... .......... 28% 72.4M 31s
 43950K .......... .......... .......... .......... .......... 28% 3.22M 31s
 44000K .......... .......... .......... .......... .......... 28% 61.4M 31s
 44050K .......... .......... .......... .......... .......... 28% 71.6M 31s
 44100K .......... .......... .......... .......... .......... 28% 3.11M 31s
 44150K .......... .......... .......... .......... .......... 28% 61.2M 31s
 44200K .......... .......... .......... .......... .......... 28% 14.5M 31s
 44250K .......... .......... .......... .......... .......... 28% 81.6M 31s
 44300K .......... .......... .......... .......... .......... 28% 2.23M 31s
 44350K .......... .......... .......... .......... .......... 28%  110M 31s
 44400K .......... .......... .......... .......... .......... 28% 74.7M 31s
 44450K .......... .......... .......... .......... .......... 28% 81.6M 31s
 44500K .......... .......... .......... .......... .......... 28% 2.34M 31s
 44550K .......... .......... .......... .......... .......... 28% 31.3M 31s
 44600K .......... .......... .......... .......... .......... 28% 4.74M 31s
 44650K .......... .......... .......... .......... .......... 28% 22.0M 31s
 44700K .......... .......... .......... .......... .......... 28% 6.67M 31s
 44750K .......... .......... .......... .......... .......... 28% 15.5M 31s
 44800K .......... .......... .......... .......... .......... 28%  102M 31s
 44850K .......... .......... .......... .......... .......... 28% 2.56M 31s
 44900K .......... .......... .......... .......... .......... 28% 71.0M 31s
 44950K .......... .......... .......... .......... .......... 28% 11.6M 31s
 45000K .......... .......... .......... .......... .......... 28% 41.1M 31s
 45050K .......... .......... .......... .......... .......... 28% 4.41M 30s
 45100K .......... .......... .......... .......... .......... 28%  112M 30s
 45150K .......... .......... .......... .......... .......... 28% 8.90M 30s
 45200K .......... .......... .......... .......... .......... 28%  129M 30s
 45250K .......... .......... .......... .......... .......... 28% 5.59M 30s
 45300K .......... .......... .......... .......... .......... 28% 18.4M 30s
 45350K .......... .......... .......... .......... .......... 29% 9.29M 30s
 45400K .......... .......... .......... .......... .......... 29% 1.84M 30s
 45450K .......... .......... .......... .......... .......... 29% 10.2M 30s
 45500K .......... .......... .......... .......... .......... 29% 79.7M 30s
 45550K .......... .......... .......... .......... .......... 29% 67.3M 30s
 45600K .......... .......... .......... .......... .......... 29% 4.29M 30s
 45650K .......... .......... .......... .......... .......... 29% 4.03M 30s
 45700K .......... .......... .......... .......... .......... 29% 5.48M 30s
 45750K .......... .......... .......... .......... .......... 29% 8.69M 30s
 45800K .......... .......... .......... .......... .......... 29% 11.4M 30s
 45850K .......... .......... .......... .......... .......... 29% 21.1M 30s
 45900K .......... .......... .......... .......... .......... 29% 4.94M 30s
 45950K .......... .......... .......... .......... .......... 29% 23.4M 30s
 46000K .......... .......... .......... .......... .......... 29% 15.0M 30s
 46050K .......... .......... .......... .......... .......... 29% 2.37M 30s
 46100K .......... .......... .......... .......... .......... 29% 78.9M 30s
 46150K .......... .......... .......... .......... .......... 29%  104M 30s
 46200K .......... .......... .......... .......... .......... 29% 9.25M 30s
 46250K .......... .......... .......... .......... .......... 29% 4.08M 30s
 46300K .......... .......... .......... .......... .......... 29% 15.5M 30s
 46350K .......... .......... .......... .......... .......... 29% 56.4M 30s
 46400K .......... .......... .......... .......... .......... 29% 3.39M 30s
 46450K .......... .......... .......... .......... .......... 29% 84.3M 30s
 46500K .......... .......... .......... .......... .......... 29% 14.9M 30s
 46550K .......... .......... .......... .......... .......... 29% 13.4M 30s
 46600K .......... .......... .......... .......... .......... 29% 4.74M 30s
 46650K .......... .......... .......... .......... .......... 29% 68.8M 29s
 46700K .......... .......... .......... .......... .......... 29% 78.7M 29s
 46750K .......... .......... .......... .......... .......... 29% 15.5M 29s
 46800K .......... .......... .......... .......... .......... 29% 4.66M 29s
 46850K .......... .......... .......... .......... .......... 29% 90.9M 29s
 46900K .......... .......... .......... .......... .......... 30% 12.9M 29s
 46950K .......... .......... .......... .......... .......... 30% 4.46M 29s
 47000K .......... .......... .......... .......... .......... 30% 84.9M 29s
 47050K .......... .......... .......... .......... .......... 30% 33.4M 29s
 47100K .......... .......... .......... .......... .......... 30% 7.70M 29s
 47150K .......... .......... .......... .......... .......... 30% 2.99M 29s
 47200K .......... .......... .......... .......... .......... 30% 78.2M 29s
 47250K .......... .......... .......... .......... .......... 30% 92.3M 29s
 47300K .......... .......... .......... .......... .......... 30% 83.1M 29s
 47350K .......... .......... .......... .......... .......... 30% 3.77M 29s
 47400K .......... .......... .......... .......... .......... 30% 24.4M 29s
 47450K .......... .......... .......... .......... .......... 30% 24.3M 29s
 47500K .......... .......... .......... .......... .......... 30% 9.37M 29s
 47550K .......... .......... .......... .......... .......... 30% 3.28M 29s
 47600K .......... .......... .......... .......... .......... 30% 19.0M 29s
 47650K .......... .......... .......... .......... .......... 30% 10.8M 29s
 47700K .......... .......... .......... .......... .......... 30% 10.6M 29s
 47750K .......... .......... .......... .......... .......... 30%  101M 29s
 47800K .......... .......... .......... .......... .......... 30% 3.72M 29s
 47850K .......... .......... .......... .......... .......... 30% 5.78M 29s
 47900K .......... .......... .......... .......... .......... 30% 24.1M 29s
 47950K .......... .......... .......... .......... .......... 30% 62.2M 29s
 48000K .......... .......... .......... .......... .......... 30% 14.4M 29s
 48050K .......... .......... .......... .......... .......... 30% 2.83M 29s
 48100K .......... .......... .......... .......... .......... 30% 77.4M 29s
 48150K .......... .......... .......... .......... .......... 30%  105M 29s
 48200K .......... .......... .......... .......... .......... 30% 18.1M 28s
 48250K .......... .......... .......... .......... .......... 30% 1.83M 28s
 48300K .......... .......... .......... .......... .......... 30% 5.35M 28s
 48350K .......... .......... .......... .......... .......... 30% 8.87M 28s
 48400K .......... .......... .......... .......... .......... 30% 20.6M 28s
 48450K .......... .......... .......... .......... .......... 31% 13.8M 28s
 48500K .......... .......... .......... .......... .......... 31% 7.97M 28s
 48550K .......... .......... .......... .......... .......... 31% 9.83M 28s
 48600K .......... .......... .......... .......... .......... 31% 27.0M 28s
 48650K .......... .......... .......... .......... .......... 31% 17.4M 28s
 48700K .......... .......... .......... .......... .......... 31% 8.64M 28s
 48750K .......... .......... .......... .......... .......... 31% 3.96M 28s
 48800K .......... .......... .......... .......... .......... 31%  103M 28s
 48850K .......... .......... .......... .......... .......... 31% 88.7M 28s
 48900K .......... .......... .......... .......... .......... 31% 7.20M 28s
 48950K .......... .......... .......... .......... .......... 31% 10.8M 28s
 49000K .......... .......... .......... .......... .......... 31% 5.00M 28s
 49050K .......... .......... .......... .......... .......... 31% 93.5M 28s
 49100K .......... .......... .......... .......... .......... 31% 10.7M 28s
 49150K .......... .......... .......... .......... .......... 31% 2.72M 28s
 49200K .......... .......... .......... .......... .......... 31% 92.9M 28s
 49250K .......... .......... .......... .......... .......... 31% 85.9M 28s
 49300K .......... .......... .......... .......... .......... 31% 15.7M 28s
 49350K .......... .......... .......... .......... .......... 31% 3.62M 28s
 49400K .......... .......... .......... .......... .......... 31%  114M 28s
 49450K .......... .......... .......... .......... .......... 31% 84.4M 28s
 49500K .......... .......... .......... .......... .......... 31% 16.9M 28s
 49550K .......... .......... .......... .......... .......... 31% 3.31M 28s
 49600K .......... .......... .......... .......... .......... 31% 90.0M 28s
 49650K .......... .......... .......... .......... .......... 31% 69.3M 28s
 49700K .......... .......... .......... .......... .......... 31% 11.8M 28s
 49750K .......... .......... .......... .......... .......... 31% 3.32M 28s
 49800K .......... .......... .......... .......... .......... 31% 81.3M 28s
 49850K .......... .......... .......... .......... .......... 31% 95.6M 27s
 49900K .......... .......... .......... .......... .......... 31% 5.72M 27s
 49950K .......... .......... .......... .......... .......... 31% 4.37M 27s
 50000K .......... .......... .......... .......... .......... 32% 91.3M 27s
 50050K .......... .......... .......... .......... .......... 32% 11.2M 27s
 50100K .......... .......... .......... .......... .......... 32% 8.38M 27s
 50150K .......... .......... .......... .......... .......... 32% 6.32M 27s
 50200K .......... .......... .......... .......... .......... 32% 95.4M 27s
 50250K .......... .......... .......... .......... .......... 32% 70.8M 27s
 50300K .......... .......... .......... .......... .......... 32% 3.20M 27s
 50350K .......... .......... .......... .......... .......... 32% 72.7M 27s
 50400K .......... .......... .......... .......... .......... 32%  103M 27s
 50450K .......... .......... .......... .......... .......... 32% 62.1M 27s
 50500K .......... .......... .......... .......... .......... 32% 2.76M 27s
 50550K .......... .......... .......... .......... .......... 32%  122M 27s
 50600K .......... .......... .......... .......... .......... 32% 16.9M 27s
 50650K .......... .......... .......... .......... .......... 32% 12.6M 27s
 50700K .......... .......... .......... .......... .......... 32% 2.57M 27s
 50750K .......... .......... .......... .......... .......... 32% 92.8M 27s
 50800K .......... .......... .......... .......... .......... 32% 80.6M 27s
 50850K .......... .......... .......... .......... .......... 32% 6.51M 27s
 50900K .......... .......... .......... .......... .......... 32% 4.05M 27s
 50950K .......... .......... .......... .......... .......... 32% 90.7M 27s
 51000K .......... .......... .......... .......... .......... 32% 12.6M 27s
 51050K .......... .......... .......... .......... .......... 32% 18.1M 27s
 51100K .......... .......... .......... .......... .......... 32% 3.22M 27s
 51150K .......... .......... .......... .......... .......... 32%  122M 27s
 51200K .......... .......... .......... .......... .......... 32% 9.87M 27s
 51250K .......... .......... .......... .......... .......... 32% 14.6M 27s
 51300K .......... .......... .......... .......... .......... 32% 4.73M 27s
 51350K .......... .......... .......... .......... .......... 32% 66.5M 27s
 51400K .......... .......... .......... .......... .......... 32% 99.6M 27s
 51450K .......... .......... .......... .......... .......... 32% 9.86M 27s
 51500K .......... .......... .......... .......... .......... 32% 4.56M 27s
 51550K .......... .......... .......... .......... .......... 32% 64.8M 27s
 51600K .......... .......... .......... .......... .......... 33% 4.03M 27s
 51650K .......... .......... .......... .......... .......... 33%  125M 26s
 51700K .......... .......... .......... .......... .......... 33%  126M 26s
 51750K .......... .......... .......... .......... .......... 33% 27.0M 26s
 51800K .......... .......... .......... .......... .......... 33% 10.5M 26s
 51850K .......... .......... .......... .......... .......... 33% 9.55M 26s
 51900K .......... .......... .......... .......... .......... 33% 21.5M 26s
 51950K .......... .......... .......... .......... .......... 33% 15.2M 26s
 52000K .......... .......... .......... .......... .......... 33% 13.8M 26s
 52050K .......... .......... .......... .......... .......... 33% 2.31M 26s
 52100K .......... .......... .......... .......... .......... 33% 89.9M 26s
 52150K .......... .......... .......... .......... .......... 33%  107M 26s
 52200K .......... .......... .......... .......... .......... 33% 12.2M 26s
 52250K .......... .......... .......... .......... .......... 33% 3.87M 26s
 52300K .......... .......... .......... .......... .......... 33% 92.8M 26s
 52350K .......... .......... .......... .......... .......... 33% 7.41M 26s
 52400K .......... .......... .......... .......... .......... 33% 6.90M 26s
 52450K .......... .......... .......... .......... .......... 33% 92.3M 26s
 52500K .......... .......... .......... .......... .......... 33% 82.6M 26s
 52550K .......... .......... .......... .......... .......... 33% 8.46M 26s
 52600K .......... .......... .......... .......... .......... 33% 5.69M 26s
 52650K .......... .......... .......... .......... .......... 33% 75.8M 26s
 52700K .......... .......... .......... .......... .......... 33%  117M 26s
 52750K .......... .......... .......... .......... .......... 33% 7.44M 26s
 52800K .......... .......... .......... .......... .......... 33% 6.37M 26s
 52850K .......... .......... .......... .......... .......... 33% 88.7M 26s
 52900K .......... .......... .......... .......... .......... 33% 6.39M 26s
 52950K .......... .......... .......... .......... .......... 33% 5.76M 26s
 53000K .......... .......... .......... .......... .......... 33% 84.2M 26s
 53050K .......... .......... .......... .......... .......... 33% 98.0M 26s
 53100K .......... .......... .......... .......... .......... 33% 4.69M 26s
 53150K .......... .......... .......... .......... .......... 34% 5.51M 26s
 53200K .......... .......... .......... .......... .......... 34% 92.7M 26s
 53250K .......... .......... .......... .......... .......... 34% 64.9M 26s
 53300K .......... .......... .......... .......... .......... 34% 5.61M 26s
 53350K .......... .......... .......... .......... .......... 34% 90.8M 26s
 53400K .......... .......... .......... .......... .......... 34% 8.85M 25s
 53450K .......... .......... .......... .......... .......... 34% 35.5M 25s
 53500K .......... .......... .......... .......... .......... 34% 11.7M 25s
 53550K .......... .......... .......... .......... .......... 34% 8.27M 25s
 53600K .......... .......... .......... .......... .......... 34% 13.8M 25s
 53650K .......... .......... .......... .......... .......... 34% 22.1M 25s
 53700K .......... .......... .......... .......... .......... 34% 12.3M 25s
 53750K .......... .......... .......... .......... .......... 34% 2.85M 25s
 53800K .......... .......... .......... .......... .......... 34% 92.3M 25s
 53850K .......... .......... .......... .......... .......... 34% 87.3M 25s
 53900K .......... .......... .......... .......... .......... 34% 88.3M 25s
 53950K .......... .......... .......... .......... .......... 34% 2.44M 25s
 54000K .......... .......... .......... .......... .......... 34%  108M 25s
 54050K .......... .......... .......... .......... .......... 34% 12.6M 25s
 54100K .......... .......... .......... .......... .......... 34% 7.87M 25s
 54150K .......... .......... .......... .......... .......... 34% 8.63M 25s
 54200K .......... .......... .......... .......... .......... 34% 22.0M 25s
 54250K .......... .......... .......... .......... .......... 34% 56.0M 25s
 54300K .......... .......... .......... .......... .......... 34% 13.6M 25s
 54350K .......... .......... .......... .......... .......... 34% 6.51M 25s
 54400K .......... .......... .......... .......... .......... 34% 5.24M 25s
 54450K .......... .......... .......... .......... .......... 34% 84.3M 25s
 54500K .......... .......... .......... .......... .......... 34% 72.9M 25s
 54550K .......... .......... .......... .......... .......... 34% 71.0M 25s
 54600K .......... .......... .......... .......... .......... 34% 18.8M 25s
 54650K .......... .......... .......... .......... .......... 34% 3.99M 25s
 54700K .......... .......... .......... .......... .......... 35%  102M 25s
 54750K .......... .......... .......... .......... .......... 35% 5.96M 25s
 54800K .......... .......... .......... .......... .......... 35% 29.0M 25s
 54850K .......... .......... .......... .......... .......... 35% 4.74M 25s
 54900K .......... .......... .......... .......... .......... 35% 86.6M 25s
 54950K .......... .......... .......... .......... .......... 35% 85.9M 25s
 55000K .......... .......... .......... .......... .......... 35% 21.1M 25s
 55050K .......... .......... .......... .......... .......... 35% 7.91M 25s
 55100K .......... .......... .......... .......... .......... 35% 7.53M 25s
 55150K .......... .......... .......... .......... .......... 35% 11.5M 25s
 55200K .......... .......... .......... .......... .......... 35% 69.4M 25s
 55250K .......... .......... .......... .......... .......... 35% 3.36M 25s
 55300K .......... .......... .......... .......... .......... 35% 73.6M 24s
 55350K .......... .......... .......... .......... .......... 35% 81.0M 24s
 55400K .......... .......... .......... .......... .......... 35% 67.0M 24s
 55450K .......... .......... .......... .......... .......... 35%  107M 24s
 55500K .......... .......... .......... .......... .......... 35% 3.17M 24s
 55550K .......... .......... .......... .......... .......... 35% 81.1M 24s
 55600K .......... .......... .......... .......... .......... 35% 4.54M 24s
 55650K .......... .......... .......... .......... .......... 35% 9.55M 24s
 55700K .......... .......... .......... .......... .......... 35% 50.2M 24s
 55750K .......... .......... .......... .......... .......... 35% 98.6M 24s
 55800K .......... .......... .......... .......... .......... 35% 4.26M 24s
 55850K .......... .......... .......... .......... .......... 35% 90.9M 24s
 55900K .......... .......... .......... .......... .......... 35% 13.6M 24s
 55950K .......... .......... .......... .......... .......... 35% 84.4M 24s
 56000K .......... .......... .......... .......... .......... 35% 5.48M 24s
 56050K .......... .......... .......... .......... .......... 35% 94.0M 24s
 56100K .......... .......... .......... .......... .......... 35% 21.8M 24s
 56150K .......... .......... .......... .......... .......... 35% 15.5M 24s
 56200K .......... .......... .......... .......... .......... 35% 13.6M 24s
 56250K .......... .......... .......... .......... .......... 36% 2.41M 24s
 56300K .......... .......... .......... .......... .......... 36% 90.4M 24s
 56350K .......... .......... .......... .......... .......... 36% 6.67M 24s
 56400K .......... .......... .......... .......... .......... 36%  102M 24s
 56450K .......... .......... .......... .......... .......... 36% 7.55M 24s
 56500K .......... .......... .......... .......... .......... 36% 96.0M 24s
 56550K .......... .......... .......... .......... .......... 36% 6.48M 24s
 56600K .......... .......... .......... .......... .......... 36% 15.5M 24s
 56650K .......... .......... .......... .......... .......... 36% 8.20M 24s
 56700K .......... .......... .......... .......... .......... 36% 13.4M 24s
 56750K .......... .......... .......... .......... .......... 36% 9.27M 24s
 56800K .......... .......... .......... .......... .......... 36% 12.4M 24s
 56850K .......... .......... .......... .......... .......... 36% 81.3M 24s
 56900K .......... .......... .......... .......... .......... 36% 12.3M 24s
 56950K .......... .......... .......... .......... .......... 36% 5.40M 24s
 57000K .......... .......... .......... .......... .......... 36% 66.7M 24s
 57050K .......... .......... .......... .......... .......... 36% 34.6M 24s
 57100K .......... .......... .......... .......... .......... 36% 88.9M 24s
 57150K .......... .......... .......... .......... .......... 36% 12.1M 24s
 57200K .......... .......... .......... .......... .......... 36% 4.26M 24s
 57250K .......... .......... .......... .......... .......... 36%  104M 23s
 57300K .......... .......... .......... .......... .......... 36% 1.70M 23s
 57350K .......... .......... .......... .......... .......... 36% 7.44M 23s
 57400K .......... .......... .......... .......... .......... 36% 77.0M 23s
 57450K .......... .......... .......... .......... .......... 36% 28.5M 23s
 57500K .......... .......... .......... .......... .......... 36% 8.76M 23s
 57550K .......... .......... .......... .......... .......... 36% 7.43M 23s
 57600K .......... .......... .......... .......... .......... 36% 8.25M 23s
 57650K .......... .......... .......... .......... .......... 36%  125M 23s
 57700K .......... .......... .......... .......... .......... 36% 17.7M 23s
 57750K .......... .......... .......... .......... .......... 36% 5.96M 23s
 57800K .......... .......... .......... .......... .......... 36% 93.2M 23s
 57850K .......... .......... .......... .......... .......... 37% 8.15M 23s
 57900K .......... .......... .......... .......... .......... 37% 73.0M 23s
 57950K .......... .......... .......... .......... .......... 37% 93.0M 23s
 58000K .......... .......... .......... .......... .......... 37% 5.49M 23s
 58050K .......... .......... .......... .......... .......... 37% 23.5M 23s
 58100K .......... .......... .......... .......... .......... 37% 9.28M 23s
 58150K .......... .......... .......... .......... .......... 37% 91.6M 23s
 58200K .......... .......... .......... .......... .......... 37% 7.00M 23s
 58250K .......... .......... .......... .......... .......... 37% 10.4M 23s
 58300K .......... .......... .......... .......... .......... 37% 58.3M 23s
 58350K .......... .......... .......... .......... .......... 37% 6.26M 23s
 58400K .......... .......... .......... .......... .......... 37%  102M 23s
 58450K .......... .......... .......... .......... .......... 37% 10.8M 23s
 58500K .......... .......... .......... .......... .......... 37% 9.99M 23s
 58550K .......... .......... .......... .......... .......... 37% 21.9M 23s
 58600K .......... .......... .......... .......... .......... 37% 60.0M 23s
 58650K .......... .......... .......... .......... .......... 37% 3.06M 23s
 58700K .......... .......... .......... .......... .......... 37% 39.7M 23s
 58750K .......... .......... .......... .......... .......... 37% 97.2M 23s
 58800K .......... .......... .......... .......... .......... 37% 74.5M 23s
 58850K .......... .......... .......... .......... .......... 37% 17.2M 23s
 58900K .......... .......... .......... .......... .......... 37% 4.72M 23s
 58950K .......... .......... .......... .......... .......... 37% 87.6M 23s
 59000K .......... .......... .......... .......... .......... 37% 14.5M 23s
 59050K .......... .......... .......... .......... .......... 37% 6.26M 23s
 59100K .......... .......... .......... .......... .......... 37% 6.09M 23s
 59150K .......... .......... .......... .......... .......... 37% 82.7M 23s
 59200K .......... .......... .......... .......... .......... 37% 85.7M 23s
 59250K .......... .......... .......... .......... .......... 37% 7.29M 23s
 59300K .......... .......... .......... .......... .......... 37% 78.1M 22s
 59350K .......... .......... .......... .......... .......... 37% 2.68M 22s
 59400K .......... .......... .......... .......... .......... 38%  130M 22s
 59450K .......... .......... .......... .......... .......... 38% 69.7M 22s
 59500K .......... .......... .......... .......... .......... 38% 92.7M 22s
 59550K .......... .......... .......... .......... .......... 38% 71.2M 22s
 59600K .......... .......... .......... .......... .......... 38% 1.59M 22s
 59650K .......... .......... .......... .......... .......... 38%  103M 22s
 59700K .......... .......... .......... .......... .......... 38% 76.3M 22s
 59750K .......... .......... .......... .......... .......... 38% 92.3M 22s
 59800K .......... .......... .......... .......... .......... 38% 2.80M 22s
 59850K .......... .......... .......... .......... .......... 38% 96.7M 22s
 59900K .......... .......... .......... .......... .......... 38% 12.8M 22s
 59950K .......... .......... .......... .......... .......... 38% 83.8M 22s
 60000K .......... .......... .......... .......... .......... 38% 11.1M 22s
 60050K .......... .......... .......... .......... .......... 38% 5.28M 22s
 60100K .......... .......... .......... .......... .......... 38% 66.1M 22s
 60150K .......... .......... .......... .......... .......... 38% 22.9M 22s
 60200K .......... .......... .......... .......... .......... 38% 22.9M 22s
 60250K .......... .......... .......... .......... .......... 38% 20.4M 22s
 60300K .......... .......... .......... .......... .......... 38% 1.71M 22s
 60350K .......... .......... .......... .......... .......... 38% 62.8M 22s
 60400K .......... .......... .......... .......... .......... 38% 78.4M 22s
 60450K .......... .......... .......... .......... .......... 38% 44.8M 22s
 60500K .......... .......... .......... .......... .......... 38% 2.18M 22s
 60550K .......... .......... .......... .......... .......... 38% 18.5M 22s
 60600K .......... .......... .......... .......... .......... 38% 16.4M 22s
 60650K .......... .......... .......... .......... .......... 38% 4.86M 22s
 60700K .......... .......... .......... .......... .......... 38% 12.3M 22s
 60750K .......... .......... .......... .......... .......... 38%  112M 22s
 60800K .......... .......... .......... .......... .......... 38% 35.4M 22s
 60850K .......... .......... .......... .......... .......... 38% 7.32M 22s
 60900K .......... .......... .......... .......... .......... 38% 88.5M 22s
 60950K .......... .......... .......... .......... .......... 39% 2.52M 22s
 61000K .......... .......... .......... .......... .......... 39% 82.3M 22s
 61050K .......... .......... .......... .......... .......... 39%  107M 22s
 61100K .......... .......... .......... .......... .......... 39% 3.09M 22s
 61150K .......... .......... .......... .......... .......... 39% 70.9M 22s
 61200K .......... .......... .......... .......... .......... 39% 6.77M 22s
 61250K .......... .......... .......... .......... .......... 39%  105M 22s
 61300K .......... .......... .......... .......... .......... 39% 17.3M 22s
 61350K .......... .......... .......... .......... .......... 39% 2.09M 22s
 61400K .......... .......... .......... .......... .......... 39%  112M 22s
 61450K .......... .......... .......... .......... .......... 39%  106M 22s
 61500K .......... .......... .......... .......... .......... 39% 88.0M 22s
 61550K .......... .......... .......... .......... .......... 39% 78.4M 22s
 61600K .......... .......... .......... .......... .......... 39% 2.13M 22s
 61650K .......... .......... .......... .......... .......... 39%  112M 22s
 61700K .......... .......... .......... .......... .......... 39% 4.97M 22s
 61750K .......... .......... .......... .......... .......... 39% 17.0M 21s
 61800K .......... .......... .......... .......... .......... 39% 87.4M 21s
 61850K .......... .......... .......... .......... .......... 39% 9.60M 21s
 61900K .......... .......... .......... .......... .......... 39% 3.86M 21s
 61950K .......... .......... .......... .......... .......... 39% 8.58M 21s
 62000K .......... .......... .......... .......... .......... 39%  104M 21s
 62050K .......... .......... .......... .......... .......... 39% 16.4M 21s
 62100K .......... .......... .......... .......... .......... 39% 8.52M 21s
 62150K .......... .......... .......... .......... .......... 39% 95.7M 21s
 62200K .......... .......... .......... .......... .......... 39% 15.9M 21s
 62250K .......... .......... .......... .......... .......... 39% 5.33M 21s
 62300K .......... .......... .......... .......... .......... 39% 25.7M 21s
 62350K .......... .......... .......... .......... .......... 39% 79.7M 21s
 62400K .......... .......... .......... .......... .......... 39% 13.1M 21s
 62450K .......... .......... .......... .......... .......... 39% 78.7M 21s
 62500K .......... .......... .......... .......... .......... 39% 8.87M 21s
 62550K .......... .......... .......... .......... .......... 40% 76.7M 21s
 62600K .......... .......... .......... .......... .......... 40% 15.6M 21s
 62650K .......... .......... .......... .......... .......... 40% 67.6M 21s
 62700K .......... .......... .......... .......... .......... 40% 3.41M 21s
 62750K .......... .......... .......... .......... .......... 40%  117M 21s
 62800K .......... .......... .......... .......... .......... 40% 75.9M 21s
 62850K .......... .......... .......... .......... .......... 40% 73.5M 21s
 62900K .......... .......... .......... .......... .......... 40% 16.8M 21s
 62950K .......... .......... .......... .......... .......... 40% 3.98M 21s
 63000K .......... .......... .......... .......... .......... 40%  105M 21s
 63050K .......... .......... .......... .......... .......... 40% 9.02M 21s
 63100K .......... .......... .......... .......... .......... 40% 74.9M 21s
 63150K .......... .......... .......... .......... .......... 40% 92.9M 21s
 63200K .......... .......... .......... .......... .......... 40% 4.29M 21s
 63250K .......... .......... .......... .......... .......... 40% 83.3M 21s
 63300K .......... .......... .......... .......... .......... 40% 4.43M 21s
 63350K .......... .......... .......... .......... .......... 40% 98.4M 21s
 63400K .......... .......... .......... .......... .......... 40% 93.0M 21s
 63450K .......... .......... .......... .......... .......... 40% 6.39M 21s
 63500K .......... .......... .......... .......... .......... 40% 72.9M 21s
 63550K .......... .......... .......... .......... .......... 40% 3.41M 21s
 63600K .......... .......... .......... .......... .......... 40% 93.1M 21s
 63650K .......... .......... .......... .......... .......... 40% 94.4M 21s
 63700K .......... .......... .......... .......... .......... 40% 98.7M 21s
 63750K .......... .......... .......... .......... .......... 40% 24.1M 21s
 63800K .......... .......... .......... .......... .......... 40% 3.03M 21s
 63850K .......... .......... .......... .......... .......... 40% 90.8M 21s
 63900K .......... .......... .......... .......... .......... 40% 19.9M 21s
 63950K .......... .......... .......... .......... .......... 40% 64.7M 21s
 64000K .......... .......... .......... .......... .......... 40% 7.75M 21s
 64050K .......... .......... .......... .......... .......... 40% 2.46M 21s
 64100K .......... .......... .......... .......... .......... 41% 87.5M 20s
 64150K .......... .......... .......... .......... .......... 41% 91.5M 20s
 64200K .......... .......... .......... .......... .......... 41% 91.2M 20s
 64250K .......... .......... .......... .......... .......... 41% 80.2M 20s
 64300K .......... .......... .......... .......... .......... 41% 1.85M 20s
 64350K .......... .......... .......... .......... .......... 41% 10.2M 20s
 64400K .......... .......... .......... .......... .......... 41% 79.4M 20s
 64450K .......... .......... .......... .......... .......... 41% 23.5M 20s
 64500K .......... .......... .......... .......... .......... 41% 14.4M 20s
 64550K .......... .......... .......... .......... .......... 41% 10.2M 20s
 64600K .......... .......... .......... .......... .......... 41% 27.8M 20s
 64650K .......... .......... .......... .......... .......... 41% 7.19M 20s
 64700K .......... .......... .......... .......... .......... 41% 23.4M 20s
 64750K .......... .......... .......... .......... .......... 41% 98.3M 20s
 64800K .......... .......... .......... .......... .......... 41% 19.2M 20s
 64850K .......... .......... .......... .......... .......... 41% 7.60M 20s
 64900K .......... .......... .......... .......... .......... 41% 11.0M 20s
 64950K .......... .......... .......... .......... .......... 41% 13.7M 20s
 65000K .......... .......... .......... .......... .......... 41%  102M 20s
 65050K .......... .......... .......... .......... .......... 41% 80.8M 20s
 65100K .......... .......... .......... .......... .......... 41% 3.93M 20s
 65150K .......... .......... .......... .......... .......... 41% 69.4M 20s
 65200K .......... .......... .......... .......... .......... 41% 15.2M 20s
 65250K .......... .......... .......... .......... .......... 41% 21.6M 20s
 65300K .......... .......... .......... .......... .......... 41% 2.34M 20s
 65350K .......... .......... .......... .......... .......... 41% 76.7M 20s
 65400K .......... .......... .......... .......... .......... 41% 84.5M 20s
 65450K .......... .......... .......... .......... .......... 41% 84.4M 20s
 65500K .......... .......... .......... .......... .......... 41% 94.8M 20s
 65550K .......... .......... .......... .......... .......... 41% 2.65M 20s
 65600K .......... .......... .......... .......... .......... 41% 70.6M 20s
 65650K .......... .......... .......... .......... .......... 42% 21.3M 20s
 65700K .......... .......... .......... .......... .......... 42% 18.2M 20s
 65750K .......... .......... .......... .......... .......... 42% 9.32M 20s
 65800K .......... .......... .......... .......... .......... 42%  132M 20s
 65850K .......... .......... .......... .......... .......... 42% 22.2M 20s
 65900K .......... .......... .......... .......... .......... 42% 18.9M 20s
 65950K .......... .......... .......... .......... .......... 42% 7.58M 20s
 66000K .......... .......... .......... .......... .......... 42% 3.15M 20s
 66050K .......... .......... .......... .......... .......... 42%  117M 20s
 66100K .......... .......... .......... .......... .......... 42% 73.8M 20s
 66150K .......... .......... .......... .......... .......... 42% 3.36M 20s
 66200K .......... .......... .......... .......... .......... 42% 92.8M 20s
 66250K .......... .......... .......... .......... .......... 42% 3.85M 20s
 66300K .......... .......... .......... .......... .......... 42% 7.96M 20s
 66350K .......... .......... .......... .......... .......... 42% 11.9M 20s
 66400K .......... .......... .......... .......... .......... 42% 12.3M 20s
 66450K .......... .......... .......... .......... .......... 42% 6.93M 20s
 66500K .......... .......... .......... .......... .......... 42% 11.2M 20s
 66550K .......... .......... .......... .......... .......... 42% 26.8M 20s
 66600K .......... .......... .......... .......... .......... 42% 85.4M 19s
 66650K .......... .......... .......... .......... .......... 42% 17.7M 19s
 66700K .......... .......... .......... .......... .......... 42% 4.15M 19s
 66750K .......... .......... .......... .......... .......... 42% 64.9M 19s
 66800K .......... .......... .......... .......... .......... 42% 95.6M 19s
 66850K .......... .......... .......... .......... .......... 42% 21.4M 19s
 66900K .......... .......... .......... .......... .......... 42% 13.4M 19s
 66950K .......... .......... .......... .......... .......... 42% 2.41M 19s
 67000K .......... .......... .......... .......... .......... 42% 95.1M 19s
 67050K .......... .......... .......... .......... .......... 42% 78.1M 19s
 67100K .......... .......... .......... .......... .......... 42% 9.88M 19s
 67150K .......... .......... .......... .......... .......... 42% 80.0M 19s
 67200K .......... .......... .......... .......... .......... 43% 3.75M 19s
 67250K .......... .......... .......... .......... .......... 43% 63.2M 19s
 67300K .......... .......... .......... .......... .......... 43% 4.09M 19s
 67350K .......... .......... .......... .......... .......... 43%  110M 19s
 67400K .......... .......... .......... .......... .......... 43%  110M 19s
 67450K .......... .......... .......... .......... .......... 43% 81.8M 19s
 67500K .......... .......... .......... .......... .......... 43% 3.08M 19s
 67550K .......... .......... .......... .......... .......... 43% 68.8M 19s
 67600K .......... .......... .......... .......... .......... 43% 14.8M 19s
 67650K .......... .......... .......... .......... .......... 43% 34.2M 19s
 67700K .......... .......... .......... .......... .......... 43% 79.4M 19s
 67750K .......... .......... .......... .......... .......... 43% 4.70M 19s
 67800K .......... .......... .......... .......... .......... 43% 6.40M 19s
 67850K .......... .......... .......... .......... .......... 43% 74.0M 19s
 67900K .......... .......... .......... .......... .......... 43% 37.8M 19s
 67950K .......... .......... .......... .......... .......... 43% 56.3M 19s
 68000K .......... .......... .......... .......... .......... 43% 6.40M 19s
 68050K .......... .......... .......... .......... .......... 43% 6.76M 19s
 68100K .......... .......... .......... .......... .......... 43% 80.5M 19s
 68150K .......... .......... .......... .......... .......... 43% 3.17M 19s
 68200K .......... .......... .......... .......... .......... 43% 84.5M 19s
 68250K .......... .......... .......... .......... .......... 43%  116M 19s
 68300K .......... .......... .......... .......... .......... 43% 72.1M 19s
 68350K .......... .......... .......... .......... .......... 43% 27.8M 19s
 68400K .......... .......... .......... .......... .......... 43% 1.85M 19s
 68450K .......... .......... .......... .......... .......... 43% 74.1M 19s
 68500K .......... .......... .......... .......... .......... 43% 7.73M 19s
 68550K .......... .......... .......... .......... .......... 43% 33.9M 19s
 68600K .......... .......... .......... .......... .......... 43% 9.19M 19s
 68650K .......... .......... .......... .......... .......... 43% 4.76M 19s
 68700K .......... .......... .......... .......... .......... 43% 15.3M 19s
 68750K .......... .......... .......... .......... .......... 43% 5.48M 19s
 68800K .......... .......... .......... .......... .......... 44% 65.1M 19s
 68850K .......... .......... .......... .......... .......... 44% 42.8M 19s
 68900K .......... .......... .......... .......... .......... 44% 3.65M 19s
 68950K .......... .......... .......... .......... .......... 44% 86.0M 19s
 69000K .......... .......... .......... .......... .......... 44% 15.2M 19s
 69050K .......... .......... .......... .......... .......... 44% 90.7M 19s
 69100K .......... .......... .......... .......... .......... 44% 16.7M 19s
 69150K .......... .......... .......... .......... .......... 44% 39.6M 19s
 69200K .......... .......... .......... .......... .......... 44% 2.18M 19s
 69250K .......... .......... .......... .......... .......... 44% 69.5M 19s
 69300K .......... .......... .......... .......... .......... 44%  106M 18s
 69350K .......... .......... .......... .......... .......... 44% 11.1M 18s
 69400K .......... .......... .......... .......... .......... 44% 91.3M 18s
 69450K .......... .......... .......... .......... .......... 44% 4.29M 18s
 69500K .......... .......... .......... .......... .......... 44% 97.9M 18s
 69550K .......... .......... .......... .......... .......... 44% 17.6M 18s
 69600K .......... .......... .......... .......... .......... 44% 10.5M 18s
 69650K .......... .......... .......... .......... .......... 44% 80.7M 18s
 69700K .......... .......... .......... .......... .......... 44% 12.9M 18s
 69750K .......... .......... .......... .......... .......... 44% 85.7M 18s
 69800K .......... .......... .......... .......... .......... 44% 21.7M 18s
 69850K .......... .......... .......... .......... .......... 44% 84.4M 18s
 69900K .......... .......... .......... .......... .......... 44% 2.63M 18s
 69950K .......... .......... .......... .......... .......... 44% 18.2M 18s
 70000K .......... .......... .......... .......... .......... 44% 84.5M 18s
 70050K .......... .......... .......... .......... .......... 44% 9.76M 18s
 70100K .......... .......... .......... .......... .......... 44% 81.7M 18s
 70150K .......... .......... .......... .......... .......... 44% 9.55M 18s
 70200K .......... .......... .......... .......... .......... 44% 77.2M 18s
 70250K .......... .......... .......... .......... .......... 44% 5.24M 18s
 70300K .......... .......... .......... .......... .......... 44% 6.25M 18s
 70350K .......... .......... .......... .......... .......... 45% 20.4M 18s
 70400K .......... .......... .......... .......... .......... 45% 87.8M 18s
 70450K .......... .......... .......... .......... .......... 45% 84.9M 18s
 70500K .......... .......... .......... .......... .......... 45% 6.99M 18s
 70550K .......... .......... .......... .......... .......... 45% 2.99M 18s
 70600K .......... .......... .......... .......... .......... 45% 91.4M 18s
 70650K .......... .......... .......... .......... .......... 45% 90.3M 18s
 70700K .......... .......... .......... .......... .......... 45% 85.7M 18s
 70750K .......... .......... .......... .......... .......... 45% 63.8M 18s
 70800K .......... .......... .......... .......... .......... 45% 25.2M 18s
 70850K .......... .......... .......... .......... .......... 45% 2.96M 18s
 70900K .......... .......... .......... .......... .......... 45% 19.7M 18s
 70950K .......... .......... .......... .......... .......... 45%  102M 18s
 71000K .......... .......... .......... .......... .......... 45% 94.4M 18s
 71050K .......... .......... .......... .......... .......... 45% 4.65M 18s
 71100K .......... .......... .......... .......... .......... 45% 9.61M 18s
 71150K .......... .......... .......... .......... .......... 45% 78.3M 18s
 71200K .......... .......... .......... .......... .......... 45% 8.06M 18s
 71250K .......... .......... .......... .......... .......... 45% 81.5M 18s
 71300K .......... .......... .......... .......... .......... 45% 8.88M 18s
 71350K .......... .......... .......... .......... .......... 45% 79.0M 18s
 71400K .......... .......... .......... .......... .......... 45% 11.7M 18s
 71450K .......... .......... .......... .......... .......... 45% 21.0M 18s
 71500K .......... .......... .......... .......... .......... 45% 7.07M 18s
 71550K .......... .......... .......... .......... .......... 45% 2.90M 18s
 71600K .......... .......... .......... .......... .......... 45% 76.6M 18s
 71650K .......... .......... .......... .......... .......... 45% 19.0M 18s
 71700K .......... .......... .......... .......... .......... 45% 97.2M 18s
 71750K .......... .......... .......... .......... .......... 45% 16.7M 18s
 71800K .......... .......... .......... .......... .......... 45% 2.04M 18s
 71850K .......... .......... .......... .......... .......... 45% 94.5M 18s
 71900K .......... .......... .......... .......... .......... 46% 99.3M 18s
 71950K .......... .......... .......... .......... .......... 46% 65.2M 18s
 72000K .......... .......... .......... .......... .......... 46% 71.8M 18s
 72050K .......... .......... .......... .......... .......... 46% 16.0M 17s
 72100K .......... .......... .......... .......... .......... 46% 3.04M 17s
 72150K .......... .......... .......... .......... .......... 46% 89.6M 17s
 72200K .......... .......... .......... .......... .......... 46% 15.0M 17s
 72250K .......... .......... .......... .......... .......... 46% 17.4M 17s
 72300K .......... .......... .......... .......... .......... 46% 30.7M 17s
 72350K .......... .......... .......... .......... .......... 46% 1.61M 17s
 72400K .......... .......... .......... .......... .......... 46%  101M 17s
 72450K .......... .......... .......... .......... .......... 46% 23.8M 17s
 72500K .......... .......... .......... .......... .......... 46%  103M 17s
 72550K .......... .......... .......... .......... .......... 46% 90.0M 17s
 72600K .......... .......... .......... .......... .......... 46% 84.8M 17s
 72650K .......... .......... .......... .......... .......... 46% 2.21M 17s
 72700K .......... .......... .......... .......... .......... 46% 15.5M 17s
 72750K .......... .......... .......... .......... .......... 46% 3.17M 17s
 72800K .......... .......... .......... .......... .......... 46% 93.0M 17s
 72850K .......... .......... .......... .......... .......... 46% 19.0M 17s
 72900K .......... .......... .......... .......... .......... 46% 5.64M 17s
 72950K .......... .......... .......... .......... .......... 46% 48.8M 17s
 73000K .......... .......... .......... .......... .......... 46% 71.2M 17s
 73050K .......... .......... .......... .......... .......... 46% 4.16M 17s
 73100K .......... .......... .......... .......... .......... 46% 62.9M 17s
 73150K .......... .......... .......... .......... .......... 46% 99.6M 17s
 73200K .......... .......... .......... .......... .......... 46% 12.5M 17s
 73250K .......... .......... .......... .......... .......... 46% 7.92M 17s
 73300K .......... .......... .......... .......... .......... 46% 4.92M 17s
 73350K .......... .......... .......... .......... .......... 46%  119M 17s
 73400K .......... .......... .......... .......... .......... 46% 69.4M 17s
 73450K .......... .......... .......... .......... .......... 47% 18.5M 17s
 73500K .......... .......... .......... .......... .......... 47% 60.1M 17s
 73550K .......... .......... .......... .......... .......... 47% 3.21M 17s
 73600K .......... .......... .......... .......... .......... 47% 34.9M 17s
 73650K .......... .......... .......... .......... .......... 47% 88.2M 17s
 73700K .......... .......... .......... .......... .......... 47% 18.3M 17s
 73750K .......... .......... .......... .......... .......... 47%  122M 17s
 73800K .......... .......... .......... .......... .......... 47% 12.8M 17s
 73850K .......... .......... .......... .......... .......... 47% 4.94M 17s
 73900K .......... .......... .......... .......... .......... 47%  119M 17s
 73950K .......... .......... .......... .......... .......... 47% 12.8M 17s
 74000K .......... .......... .......... .......... .......... 47% 94.2M 17s
 74050K .......... .......... .......... .......... .......... 47% 4.73M 17s
 74100K .......... .......... .......... .......... .......... 47%  121M 17s
 74150K .......... .......... .......... .......... .......... 47% 87.3M 17s
 74200K .......... .......... .......... .......... .......... 47% 8.50M 17s
 74250K .......... .......... .......... .......... .......... 47% 7.83M 17s
 74300K .......... .......... .......... .......... .......... 47%  118M 17s
 74350K .......... .......... .......... .......... .......... 47% 3.46M 17s
 74400K .......... .......... .......... .......... .......... 47% 89.6M 17s
 74450K .......... .......... .......... .......... .......... 47% 74.7M 17s
 74500K .......... .......... .......... .......... .......... 47% 10.7M 17s
 74550K .......... .......... .......... .......... .......... 47% 55.5M 17s
 74600K .......... .......... .......... .......... .......... 47% 1.76M 17s
 74650K .......... .......... .......... .......... .......... 47% 86.6M 17s
 74700K .......... .......... .......... .......... .......... 47%  109M 17s
 74750K .......... .......... .......... .......... .......... 47% 23.9M 17s
 74800K .......... .......... .......... .......... .......... 47% 68.3M 17s
 74850K .......... .......... .......... .......... .......... 47% 92.2M 17s
 74900K .......... .......... .......... .......... .......... 47% 3.90M 17s
 74950K .......... .......... .......... .......... .......... 47% 20.4M 17s
 75000K .......... .......... .......... .......... .......... 47% 14.4M 17s
 75050K .......... .......... .......... .......... .......... 48%  118M 17s
 75100K .......... .......... .......... .......... .......... 48% 8.47M 16s
 75150K .......... .......... .......... .......... .......... 48% 3.51M 16s
 75200K .......... .......... .......... .......... .......... 48% 17.8M 16s
 75250K .......... .......... .......... .......... .......... 48% 95.0M 16s
 75300K .......... .......... .......... .......... .......... 48% 89.2M 16s
 75350K .......... .......... .......... .......... .......... 48% 18.3M 16s
 75400K .......... .......... .......... .......... .......... 48% 97.7M 16s
 75450K .......... .......... .......... .......... .......... 48% 4.37M 16s
 75500K .......... .......... .......... .......... .......... 48% 89.9M 16s
 75550K .......... .......... .......... .......... .......... 48% 62.1M 16s
 75600K .......... .......... .......... .......... .......... 48% 2.36M 16s
 75650K .......... .......... .......... .......... .......... 48% 18.2M 16s
 75700K .......... .......... .......... .......... .......... 48%  101M 16s
 75750K .......... .......... .......... .......... .......... 48% 6.55M 16s
 75800K .......... .......... .......... .......... .......... 48% 99.1M 16s
 75850K .......... .......... .......... .......... .......... 48% 10.9M 16s
 75900K .......... .......... .......... .......... .......... 48% 2.58M 16s
 75950K .......... .......... .......... .......... .......... 48% 71.4M 16s
 76000K .......... .......... .......... .......... .......... 48% 82.5M 16s
 76050K .......... .......... .......... .......... .......... 48% 75.5M 16s
 76100K .......... .......... .......... .......... .......... 48% 26.0M 16s
 76150K .......... .......... .......... .......... .......... 48% 77.5M 16s
 76200K .......... .......... .......... .......... .......... 48% 3.63M 16s
 76250K .......... .......... .......... .......... .......... 48% 75.3M 16s
 76300K .......... .......... .......... .......... .......... 48% 16.1M 16s
 76350K .......... .......... .......... .......... .......... 48% 9.77M 16s
 76400K .......... .......... .......... .......... .......... 48% 86.1M 16s
 76450K .......... .......... .......... .......... .......... 48%  113M 16s
 76500K .......... .......... .......... .......... .......... 48% 1.88M 16s
 76550K .......... .......... .......... .......... .......... 48% 98.9M 16s
 76600K .......... .......... .......... .......... .......... 49%  101M 16s
 76650K .......... .......... .......... .......... .......... 49%  103M 16s
 76700K .......... .......... .......... .......... .......... 49% 62.9M 16s
 76750K .......... .......... .......... .......... .......... 49% 3.97M 16s
 76800K .......... .......... .......... .......... .......... 49% 16.0M 16s
 76850K .......... .......... .......... .......... .......... 49% 13.2M 16s
 76900K .......... .......... .......... .......... .......... 49% 84.8M 16s
 76950K .......... .......... .......... .......... .......... 49% 21.1M 16s
 77000K .......... .......... .......... .......... .......... 49% 12.9M 16s
 77050K .......... .......... .......... .......... .......... 49% 10.4M 16s
 77100K .......... .......... .......... .......... .......... 49% 12.2M 16s
 77150K .......... .......... .......... .......... .......... 49% 3.06M 16s
 77200K .......... .......... .......... .......... .......... 49% 98.8M 16s
 77250K .......... .......... .......... .......... .......... 49% 82.5M 16s
 77300K .......... .......... .......... .......... .......... 49% 20.7M 16s
 77350K .......... .......... .......... .......... .......... 49% 25.1M 16s
 77400K .......... .......... .......... .......... .......... 49% 14.9M 16s
 77450K .......... .......... .......... .......... .......... 49% 12.8M 16s
 77500K .......... .......... .......... .......... .......... 49% 10.5M 16s
 77550K .......... .......... .......... .......... .......... 49% 12.9M 16s
 77600K .......... .......... .......... .......... .......... 49% 9.58M 16s
 77650K .......... .......... .......... .......... .......... 49% 72.5M 16s
 77700K .......... .......... .......... .......... .......... 49% 11.2M 16s
 77750K .......... .......... .......... .......... .......... 49% 93.6M 16s
 77800K .......... .......... .......... .......... .......... 49% 75.0M 16s
 77850K .......... .......... .......... .......... .......... 49% 11.5M 16s
 77900K .......... .......... .......... .......... .......... 49% 4.64M 16s
 77950K .......... .......... .......... .......... .......... 49% 16.4M 16s
 78000K .......... .......... .......... .......... .......... 49% 91.9M 16s
 78050K .......... .......... .......... .......... .......... 49% 6.68M 16s
 78100K .......... .......... .......... .......... .......... 49%  102M 16s
 78150K .......... .......... .......... .......... .......... 50%  106M 16s
 78200K .......... .......... .......... .......... .......... 50% 4.68M 15s
 78250K .......... .......... .......... .......... .......... 50% 78.6M 15s
 78300K .......... .......... .......... .......... .......... 50% 59.0M 15s
 78350K .......... .......... .......... .......... .......... 50% 27.0M 15s
 78400K .......... .......... .......... .......... .......... 50% 11.0M 15s
 78450K .......... .......... .......... .......... .......... 50% 7.49M 15s
 78500K .......... .......... .......... .......... .......... 50% 10.6M 15s
 78550K .......... .......... .......... .......... .......... 50% 75.3M 15s
 78600K .......... .......... .......... .......... .......... 50% 89.9M 15s
 78650K .......... .......... .......... .......... .......... 50% 21.9M 15s
 78700K .......... .......... .......... .......... .......... 50% 60.0M 15s
 78750K .......... .......... .......... .......... .......... 50% 2.47M 15s
 78800K .......... .......... .......... .......... .......... 50% 52.2M 15s
 78850K .......... .......... .......... .......... .......... 50%  111M 15s
 78900K .......... .......... .......... .......... .......... 50% 10.2M 15s
 78950K .......... .......... .......... .......... .......... 50% 71.3M 15s
 79000K .......... .......... .......... .......... .......... 50% 72.4M 15s
 79050K .......... .......... .......... .......... .......... 50% 3.71M 15s
 79100K .......... .......... .......... .......... .......... 50% 71.2M 15s
 79150K .......... .......... .......... .......... .......... 50% 92.7M 15s
 79200K .......... .......... .......... .......... .......... 50% 82.6M 15s
 79250K .......... .......... .......... .......... .......... 50% 20.8M 15s
 79300K .......... .......... .......... .......... .......... 50% 13.2M 15s
 79350K .......... .......... .......... .......... .......... 50% 1.96M 15s
 79400K .......... .......... .......... .......... .......... 50% 91.4M 15s
 79450K .......... .......... .......... .......... .......... 50% 97.7M 15s
 79500K .......... .......... .......... .......... .......... 50% 66.5M 15s
 79550K .......... .......... .......... .......... .......... 50% 31.1M 15s
 79600K .......... .......... .......... .......... .......... 50% 4.76M 15s
 79650K .......... .......... .......... .......... .......... 50% 6.20M 15s
 79700K .......... .......... .......... .......... .......... 50% 22.1M 15s
 79750K .......... .......... .......... .......... .......... 51% 94.9M 15s
 79800K .......... .......... .......... .......... .......... 51% 4.59M 15s
 79850K .......... .......... .......... .......... .......... 51%  100M 15s
 79900K .......... .......... .......... .......... .......... 51% 63.4M 15s
 79950K .......... .......... .......... .......... .......... 51% 8.43M 15s
 80000K .......... .......... .......... .......... .......... 51% 97.4M 15s
 80050K .......... .......... .......... .......... .......... 51% 88.4M 15s
 80100K .......... .......... .......... .......... .......... 51% 6.83M 15s
 80150K .......... .......... .......... .......... .......... 51% 89.9M 15s
 80200K .......... .......... .......... .......... .......... 51% 73.5M 15s
 80250K .......... .......... .......... .......... .......... 51% 6.79M 15s
 80300K .......... .......... .......... .......... .......... 51% 7.26M 15s
 80350K .......... .......... .......... .......... .......... 51% 5.54M 15s
 80400K .......... .......... .......... .......... .......... 51% 77.7M 15s
 80450K .......... .......... .......... .......... .......... 51% 90.5M 15s
 80500K .......... .......... .......... .......... .......... 51% 7.74M 15s
 80550K .......... .......... .......... .......... .......... 51% 92.6M 15s
 80600K .......... .......... .......... .......... .......... 51% 79.3M 15s
 80650K .......... .......... .......... .......... .......... 51% 8.11M 15s
 80700K .......... .......... .......... .......... .......... 51% 61.0M 15s
 80750K .......... .......... .......... .......... .......... 51% 10.4M 15s
 80800K .......... .......... .......... .......... .......... 51% 9.07M 15s
 80850K .......... .......... .......... .......... .......... 51% 18.7M 15s
 80900K .......... .......... .......... .......... .......... 51%  102M 15s
 80950K .......... .......... .......... .......... .......... 51% 9.04M 15s
 81000K .......... .......... .......... .......... .......... 51%  104M 15s
 81050K .......... .......... .......... .......... .......... 51% 64.4M 15s
 81100K .......... .......... .......... .......... .......... 51% 4.68M 15s
 81150K .......... .......... .......... .......... .......... 51% 88.2M 15s
 81200K .......... .......... .......... .......... .......... 51% 13.8M 15s
 81250K .......... .......... .......... .......... .......... 51% 88.6M 15s
 81300K .......... .......... .......... .......... .......... 52% 86.9M 15s
 81350K .......... .......... .......... .......... .......... 52% 11.4M 15s
 81400K .......... .......... .......... .......... .......... 52% 2.65M 15s
 81450K .......... .......... .......... .......... .......... 52% 13.8M 14s
 81500K .......... .......... .......... .......... .......... 52% 8.36M 14s
 81550K .......... .......... .......... .......... .......... 52% 13.0M 14s
 81600K .......... .......... .......... .......... .......... 52% 17.8M 14s
 81650K .......... .......... .......... .......... .......... 52% 24.7M 14s
 81700K .......... .......... .......... .......... .......... 52% 92.1M 14s
 81750K .......... .......... .......... .......... .......... 52% 12.7M 14s
 81800K .......... .......... .......... .......... .......... 52% 15.4M 14s
 81850K .......... .......... .......... .......... .......... 52%  118M 14s
 81900K .......... .......... .......... .......... .......... 52% 8.35M 14s
 81950K .......... .......... .......... .......... .......... 52% 16.3M 14s
 82000K .......... .......... .......... .......... .......... 52% 87.1M 14s
 82050K .......... .......... .......... .......... .......... 52% 18.4M 14s
 82100K .......... .......... .......... .......... .......... 52% 8.86M 14s
 82150K .......... .......... .......... .......... .......... 52%  121M 14s
 82200K .......... .......... .......... .......... .......... 52% 15.2M 14s
 82250K .......... .......... .......... .......... .......... 52% 3.59M 14s
 82300K .......... .......... .......... .......... .......... 52% 79.9M 14s
 82350K .......... .......... .......... .......... .......... 52% 69.4M 14s
 82400K .......... .......... .......... .......... .......... 52%  109M 14s
 82450K .......... .......... .......... .......... .......... 52% 69.1M 14s
 82500K .......... .......... .......... .......... .......... 52% 69.8M 14s
 82550K .......... .......... .......... .......... .......... 52% 2.31M 14s
 82600K .......... .......... .......... .......... .......... 52% 37.4M 14s
 82650K .......... .......... .......... .......... .......... 52% 95.7M 14s
 82700K .......... .......... .......... .......... .......... 52% 4.31M 14s
 82750K .......... .......... .......... .......... .......... 52% 71.9M 14s
 82800K .......... .......... .......... .......... .......... 52% 59.7M 14s
 82850K .......... .......... .......... .......... .......... 53% 5.75M 14s
 82900K .......... .......... .......... .......... .......... 53% 28.7M 14s
 82950K .......... .......... .......... .......... .......... 53% 91.2M 14s
 83000K .......... .......... .......... .......... .......... 53% 8.93M 14s
 83050K .......... .......... .......... .......... .......... 53% 9.18M 14s
 83100K .......... .......... .......... .......... .......... 53% 19.0M 14s
 83150K .......... .......... .......... .......... .......... 53% 1.70M 14s
 83200K .......... .......... .......... .......... .......... 53%  103M 14s
 83250K .......... .......... .......... .......... .......... 53%  127M 14s
 83300K .......... .......... .......... .......... .......... 53% 79.4M 14s
 83350K .......... .......... .......... .......... .......... 53% 84.8M 14s
 83400K .......... .......... .......... .......... .......... 53% 84.3M 14s
 83450K .......... .......... .......... .......... .......... 53% 12.5M 14s
 83500K .......... .......... .......... .......... .......... 53% 2.20M 14s
 83550K .......... .......... .......... .......... .......... 53%  117M 14s
 83600K .......... .......... .......... .......... .......... 53%  102M 14s
 83650K .......... .......... .......... .......... .......... 53% 13.5M 14s
 83700K .......... .......... .......... .......... .......... 53% 4.14M 14s
 83750K .......... .......... .......... .......... .......... 53%  119M 14s
 83800K .......... .......... .......... .......... .......... 53% 89.3M 14s
 83850K .......... .......... .......... .......... .......... 53% 77.5M 14s
 83900K .......... .......... .......... .......... .......... 53% 5.52M 14s
 83950K .......... .......... .......... .......... .......... 53% 76.0M 14s
 84000K .......... .......... .......... .......... .......... 53% 8.39M 14s
 84050K .......... .......... .......... .......... .......... 53% 93.0M 14s
 84100K .......... .......... .......... .......... .......... 53% 63.4M 14s
 84150K .......... .......... .......... .......... .......... 53% 9.18M 14s
 84200K .......... .......... .......... .......... .......... 53% 5.93M 14s
 84250K .......... .......... .......... .......... .......... 53% 99.7M 14s
 84300K .......... .......... .......... .......... .......... 53% 84.9M 14s
 84350K .......... .......... .......... .......... .......... 53% 17.8M 14s
 84400K .......... .......... .......... .......... .......... 54% 70.0M 14s
 84450K .......... .......... .......... .......... .......... 54% 11.8M 14s
 84500K .......... .......... .......... .......... .......... 54% 4.11M 14s
 84550K .......... .......... .......... .......... .......... 54% 20.8M 14s
 84600K .......... .......... .......... .......... .......... 54% 87.6M 14s
 84650K .......... .......... .......... .......... .......... 54% 23.8M 14s
 84700K .......... .......... .......... .......... .......... 54% 19.1M 14s
 84750K .......... .......... .......... .......... .......... 54% 56.8M 14s
 84800K .......... .......... .......... .......... .......... 54% 25.9M 14s
 84850K .......... .......... .......... .......... .......... 54% 5.65M 13s
 84900K .......... .......... .......... .......... .......... 54% 94.6M 13s
 84950K .......... .......... .......... .......... .......... 54% 2.51M 13s
 85000K .......... .......... .......... .......... .......... 54% 50.1M 13s
 85050K .......... .......... .......... .......... .......... 54%  124M 13s
 85100K .......... .......... .......... .......... .......... 54% 17.5M 13s
 85150K .......... .......... .......... .......... .......... 54% 60.0M 13s
 85200K .......... .......... .......... .......... .......... 54% 18.6M 13s
 85250K .......... .......... .......... .......... .......... 54% 2.72M 13s
 85300K .......... .......... .......... .......... .......... 54% 90.5M 13s
 85350K .......... .......... .......... .......... .......... 54%  118M 13s
 85400K .......... .......... .......... .......... .......... 54% 13.7M 13s
 85450K .......... .......... .......... .......... .......... 54% 17.3M 13s
 85500K .......... .......... .......... .......... .......... 54% 71.0M 13s
 85550K .......... .......... .......... .......... .......... 54% 6.03M 13s
 85600K .......... .......... .......... .......... .......... 54% 69.6M 13s
 85650K .......... .......... .......... .......... .......... 54% 83.0M 13s
 85700K .......... .......... .......... .......... .......... 54% 98.0M 13s
 85750K .......... .......... .......... .......... .......... 54% 6.02M 13s
 85800K .......... .......... .......... .......... .......... 54% 19.1M 13s
 85850K .......... .......... .......... .......... .......... 54% 90.5M 13s
 85900K .......... .......... .......... .......... .......... 54% 6.41M 13s
 85950K .......... .......... .......... .......... .......... 54% 79.4M 13s
 86000K .......... .......... .......... .......... .......... 55% 4.69M 13s
 86050K .......... .......... .......... .......... .......... 55% 83.3M 13s
 86100K .......... .......... .......... .......... .......... 55% 4.60M 13s
 86150K .......... .......... .......... .......... .......... 55% 69.0M 13s
 86200K .......... .......... .......... .......... .......... 55%  139M 13s
 86250K .......... .......... .......... .......... .......... 55% 7.85M 13s
 86300K .......... .......... .......... .......... .......... 55% 3.94M 13s
 86350K .......... .......... .......... .......... .......... 55% 88.3M 13s
 86400K .......... .......... .......... .......... .......... 55% 16.2M 13s
 86450K .......... .......... .......... .......... .......... 55% 4.91M 13s
 86500K .......... .......... .......... .......... .......... 55% 74.6M 13s
 86550K .......... .......... .......... .......... .......... 55% 77.0M 13s
 86600K .......... .......... .......... .......... .......... 55% 3.44M 13s
 86650K .......... .......... .......... .......... .......... 55% 83.8M 13s
 86700K .......... .......... .......... .......... .......... 55% 64.2M 13s
 86750K .......... .......... .......... .......... .......... 55% 8.35M 13s
 86800K .......... .......... .......... .......... .......... 55% 94.3M 13s
 86850K .......... .......... .......... .......... .......... 55% 7.28M 13s
 86900K .......... .......... .......... .......... .......... 55% 91.5M 13s
 86950K .......... .......... .......... .......... .......... 55% 2.70M 13s
 87000K .......... .......... .......... .......... .......... 55%  125M 13s
 87050K .......... .......... .......... .......... .......... 55%  125M 13s
 87100K .......... .......... .......... .......... .......... 55% 63.1M 13s
 87150K .......... .......... .......... .......... .......... 55% 80.9M 13s
 87200K .......... .......... .......... .......... .......... 55% 21.1M 13s
 87250K .......... .......... .......... .......... .......... 55% 2.59M 13s
 87300K .......... .......... .......... .......... .......... 55% 76.5M 13s
 87350K .......... .......... .......... .......... .......... 55% 88.9M 13s
 87400K .......... .......... .......... .......... .......... 55% 12.3M 13s
 87450K .......... .......... .......... .......... .......... 55% 87.5M 13s
 87500K .......... .......... .......... .......... .......... 55% 13.3M 13s
 87550K .......... .......... .......... .......... .......... 56% 3.45M 13s
 87600K .......... .......... .......... .......... .......... 56% 88.6M 13s
 87650K .......... .......... .......... .......... .......... 56% 83.8M 13s
 87700K .......... .......... .......... .......... .......... 56% 84.9M 13s
 87750K .......... .......... .......... .......... .......... 56% 21.8M 13s
 87800K .......... .......... .......... .......... .......... 56% 84.3M 13s
 87850K .......... .......... .......... .......... .......... 56% 2.26M 13s
 87900K .......... .......... .......... .......... .......... 56% 70.0M 13s
 87950K .......... .......... .......... .......... .......... 56% 78.0M 13s
 88000K .......... .......... .......... .......... .......... 56% 76.6M 13s
 88050K .......... .......... .......... .......... .......... 56% 17.2M 13s
 88100K .......... .......... .......... .......... .......... 56% 23.8M 13s
 88150K .......... .......... .......... .......... .......... 56% 82.3M 13s
 88200K .......... .......... .......... .......... .......... 56% 5.18M 13s
 88250K .......... .......... .......... .......... .......... 56% 35.3M 13s
 88300K .......... .......... .......... .......... .......... 56% 18.5M 13s
 88350K .......... .......... .......... .......... .......... 56% 6.72M 13s
 88400K .......... .......... .......... .......... .......... 56% 96.8M 13s
 88450K .......... .......... .......... .......... .......... 56% 11.8M 13s
 88500K .......... .......... .......... .......... .......... 56% 86.4M 13s
 88550K .......... .......... .......... .......... .......... 56% 20.3M 12s
 88600K .......... .......... .......... .......... .......... 56% 93.8M 12s
 88650K .......... .......... .......... .......... .......... 56% 3.17M 12s
 88700K .......... .......... .......... .......... .......... 56% 14.8M 12s
 88750K .......... .......... .......... .......... .......... 56% 74.1M 12s
 88800K .......... .......... .......... .......... .......... 56%  114M 12s
 88850K .......... .......... .......... .......... .......... 56% 24.3M 12s
 88900K .......... .......... .......... .......... .......... 56% 79.0M 12s
 88950K .......... .......... .......... .......... .......... 56% 3.19M 12s
 89000K .......... .......... .......... .......... .......... 56%  107M 12s
 89050K .......... .......... .......... .......... .......... 56% 12.7M 12s
 89100K .......... .......... .......... .......... .......... 57% 79.1M 12s
 89150K .......... .......... .......... .......... .......... 57% 19.1M 12s
 89200K .......... .......... .......... .......... .......... 57% 93.1M 12s
 89250K .......... .......... .......... .......... .......... 57% 2.87M 12s
 89300K .......... .......... .......... .......... .......... 57% 98.5M 12s
 89350K .......... .......... .......... .......... .......... 57% 80.5M 12s
 89400K .......... .......... .......... .......... .......... 57% 89.5M 12s
 89450K .......... .......... .......... .......... .......... 57% 8.14M 12s
 89500K .......... .......... .......... .......... .......... 57% 96.7M 12s
 89550K .......... .......... .......... .......... .......... 57% 71.6M 12s
 89600K .......... .......... .......... .......... .......... 57% 5.01M 12s
 89650K .......... .......... .......... .......... .......... 57% 77.3M 12s
 89700K .......... .......... .......... .......... .......... 57% 76.0M 12s
 89750K .......... .......... .......... .......... .......... 57% 94.5M 12s
 89800K .......... .......... .......... .......... .......... 57% 1.89M 12s
 89850K .......... .......... .......... .......... .......... 57% 77.4M 12s
 89900K .......... .......... .......... .......... .......... 57% 76.7M 12s
 89950K .......... .......... .......... .......... .......... 57% 59.3M 12s
 90000K .......... .......... .......... .......... .......... 57% 83.3M 12s
 90050K .......... .......... .......... .......... .......... 57% 90.1M 12s
 90100K .......... .......... .......... .......... .......... 57% 1.40M 12s
 90150K .......... .......... .......... .......... .......... 57% 76.7M 12s
 90200K .......... .......... .......... .......... .......... 57% 77.8M 12s
 90250K .......... .......... .......... .......... .......... 57% 69.7M 12s
 90300K .......... .......... .......... .......... .......... 57% 76.0M 12s
 90350K .......... .......... .......... .......... .......... 57% 70.7M 12s
 90400K .......... .......... .......... .......... .......... 57% 2.56M 12s
 90450K .......... .......... .......... .......... .......... 57% 73.5M 12s
 90500K .......... .......... .......... .......... .......... 57% 87.6M 12s
 90550K .......... .......... .......... .......... .......... 57% 28.7M 12s
 90600K .......... .......... .......... .......... .......... 57% 20.3M 12s
 90650K .......... .......... .......... .......... .......... 57% 26.5M 12s
 90700K .......... .......... .......... .......... .......... 58% 24.3M 12s
 90750K .......... .......... .......... .......... .......... 58% 5.09M 12s
 90800K .......... .......... .......... .......... .......... 58% 72.8M 12s
 90850K .......... .......... .......... .......... .......... 58% 19.6M 12s
 90900K .......... .......... .......... .......... .......... 58% 73.9M 12s
 90950K .......... .......... .......... .......... .......... 58% 62.7M 12s
 91000K .......... .......... .......... .......... .......... 58% 14.0M 12s
 91050K .......... .......... .......... .......... .......... 58% 4.09M 12s
 91100K .......... .......... .......... .......... .......... 58% 61.3M 12s
 91150K .......... .......... .......... .......... .......... 58% 65.7M 12s
 91200K .......... .......... .......... .......... .......... 58% 21.6M 12s
 91250K .......... .......... .......... .......... .......... 58% 67.0M 12s
 91300K .......... .......... .......... .......... .......... 58% 84.4M 12s
 91350K .......... .......... .......... .......... .......... 58% 2.51M 12s
 91400K .......... .......... .......... .......... .......... 58% 76.9M 12s
 91450K .......... .......... .......... .......... .......... 58% 77.9M 12s
 91500K .......... .......... .......... .......... .......... 58% 76.5M 12s
 91550K .......... .......... .......... .......... .......... 58% 61.9M 12s
 91600K .......... .......... .......... .......... .......... 58% 76.5M 12s
 91650K .......... .......... .......... .......... .......... 58%  106M 12s
 91700K .......... .......... .......... .......... .......... 58% 2.66M 12s
 91750K .......... .......... .......... .......... .......... 58% 82.5M 12s
 91800K .......... .......... .......... .......... .......... 58% 23.5M 12s
 91850K .......... .......... .......... .......... .......... 58% 19.9M 12s
 91900K .......... .......... .......... .......... .......... 58% 13.7M 12s
 91950K .......... .......... .......... .......... .......... 58% 17.7M 12s
 92000K .......... .......... .......... .......... .......... 58% 3.79M 12s
 92050K .......... .......... .......... .......... .......... 58% 80.8M 12s
 92100K .......... .......... .......... .......... .......... 58% 90.8M 12s
 92150K .......... .......... .......... .......... .......... 58% 83.0M 12s
 92200K .......... .......... .......... .......... .......... 58% 99.5M 12s
 92250K .......... .......... .......... .......... .......... 59% 2.08M 12s
 92300K .......... .......... .......... .......... .......... 59% 66.5M 12s
 92350K .......... .......... .......... .......... .......... 59% 87.3M 12s
 92400K .......... .......... .......... .......... .......... 59% 88.9M 12s
 92450K .......... .......... .......... .......... .......... 59% 91.2M 11s
 92500K .......... .......... .......... .......... .......... 59% 65.4M 11s
 92550K .......... .......... .......... .......... .......... 59% 1.69M 11s
 92600K .......... .......... .......... .......... .......... 59% 92.3M 11s
 92650K .......... .......... .......... .......... .......... 59% 88.2M 11s
 92700K .......... .......... .......... .......... .......... 59% 58.5M 11s
 92750K .......... .......... .......... .......... .......... 59% 75.0M 11s
 92800K .......... .......... .......... .......... .......... 59% 73.6M 11s
 92850K .......... .......... .......... .......... .......... 59% 2.16M 11s
 92900K .......... .......... .......... .......... .......... 59% 88.8M 11s
 92950K .......... .......... .......... .......... .......... 59%  103M 11s
 93000K .......... .......... .......... .......... .......... 59% 61.4M 11s
 93050K .......... .......... .......... .......... .......... 59% 98.8M 11s
 93100K .......... .......... .......... .......... .......... 59% 16.3M 11s
 93150K .......... .......... .......... .......... .......... 59% 50.2M 11s
 93200K .......... .......... .......... .......... .......... 59% 2.45M 11s
 93250K .......... .......... .......... .......... .......... 59% 62.3M 11s
 93300K .......... .......... .......... .......... .......... 59% 77.1M 11s
 93350K .......... .......... .......... .......... .......... 59% 14.0M 11s
 93400K .......... .......... .......... .......... .......... 59% 68.3M 11s
 93450K .......... .......... .......... .......... .......... 59% 70.4M 11s
 93500K .......... .......... .......... .......... .......... 59% 4.56M 11s
 93550K .......... .......... .......... .......... .......... 59% 4.98M 11s
 93600K .......... .......... .......... .......... .......... 59% 62.4M 11s
 93650K .......... .......... .......... .......... .......... 59% 83.8M 11s
 93700K .......... .......... .......... .......... .......... 59% 26.2M 11s
 93750K .......... .......... .......... .......... .......... 59% 16.1M 11s
 93800K .......... .......... .......... .......... .......... 60% 89.8M 11s
 93850K .......... .......... .......... .......... .......... 60% 2.51M 11s
 93900K .......... .......... .......... .......... .......... 60% 56.9M 11s
 93950K .......... .......... .......... .......... .......... 60% 9.28M 11s
 94000K .......... .......... .......... .......... .......... 60% 65.6M 11s
 94050K .......... .......... .......... .......... .......... 60% 70.0M 11s
 94100K .......... .......... .......... .......... .......... 60% 95.8M 11s
 94150K .......... .......... .......... .......... .......... 60% 3.79M 11s
 94200K .......... .......... .......... .......... .......... 60% 9.56M 11s
 94250K .......... .......... .......... .......... .......... 60% 64.7M 11s
 94300K .......... .......... .......... .......... .......... 60%  121M 11s
 94350K .......... .......... .......... .......... .......... 60% 11.6M 11s
 94400K .......... .......... .......... .......... .......... 60%  105M 11s
 94450K .......... .......... .......... .......... .......... 60%  101M 11s
 94500K .......... .......... .......... .......... .......... 60% 3.32M 11s
 94550K .......... .......... .......... .......... .......... 60% 84.4M 11s
 94600K .......... .......... .......... .......... .......... 60% 12.2M 11s
 94650K .......... .......... .......... .......... .......... 60% 76.6M 11s
 94700K .......... .......... .......... .......... .......... 60% 7.84M 11s
 94750K .......... .......... .......... .......... .......... 60% 17.6M 11s
 94800K .......... .......... .......... .......... .......... 60% 80.4M 11s
 94850K .......... .......... .......... .......... .......... 60% 7.27M 11s
 94900K .......... .......... .......... .......... .......... 60% 70.7M 11s
 94950K .......... .......... .......... .......... .......... 60% 89.1M 11s
 95000K .......... .......... .......... .......... .......... 60% 4.68M 11s
 95050K .......... .......... .......... .......... .......... 60% 42.2M 11s
 95100K .......... .......... .......... .......... .......... 60% 32.4M 11s
 95150K .......... .......... .......... .......... .......... 60% 4.50M 11s
 95200K .......... .......... .......... .......... .......... 60%  674K 11s
 95250K .......... .......... .......... .......... .......... 60% 29.1M 11s
 95300K .......... .......... .......... .......... .......... 60% 20.1M 11s
 95350K .......... .......... .......... .......... .......... 61% 74.7M 11s
 95400K .......... .......... .......... .......... .......... 61% 8.51M 11s
 95450K .......... .......... .......... .......... .......... 61% 97.0M 11s
 95500K .......... .......... .......... .......... .......... 61% 18.4M 11s
 95550K .......... .......... .......... .......... .......... 61% 13.7M 11s
 95600K .......... .......... .......... .......... .......... 61% 15.7M 11s
 95650K .......... .......... .......... .......... .......... 61% 76.4M 11s
 95700K .......... .......... .......... .......... .......... 61% 14.3M 11s
 95750K .......... .......... .......... .......... .......... 61% 6.86M 11s
 95800K .......... .......... .......... .......... .......... 61% 58.1M 11s
 95850K .......... .......... .......... .......... .......... 61% 29.1M 11s
 95900K .......... .......... .......... .......... .......... 61% 48.6M 11s
 95950K .......... .......... .......... .......... .......... 61% 12.7M 11s
 96000K .......... .......... .......... .......... .......... 61% 78.6M 11s
 96050K .......... .......... .......... .......... .......... 61% 9.30M 11s
 96100K .......... .......... .......... .......... .......... 61% 4.80M 11s
 96150K .......... .......... .......... .......... .......... 61% 79.6M 11s
 96200K .......... .......... .......... .......... .......... 61% 31.9M 11s
 96250K .......... .......... .......... .......... .......... 61% 2.12M 11s
 96300K .......... .......... .......... .......... .......... 61% 38.0M 11s
 96350K .......... .......... .......... .......... .......... 61% 69.8M 11s
 96400K .......... .......... .......... .......... .......... 61%  124M 11s
 96450K .......... .......... .......... .......... .......... 61% 67.2M 11s
 96500K .......... .......... .......... .......... .......... 61% 4.80M 11s
 96550K .......... .......... .......... .......... .......... 61% 22.7M 11s
 96600K .......... .......... .......... .......... .......... 61% 77.8M 11s
 96650K .......... .......... .......... .......... .......... 61% 7.15M 11s
 96700K .......... .......... .......... .......... .......... 61% 50.7M 11s
 96750K .......... .......... .......... .......... .......... 61%  102M 10s
 96800K .......... .......... .......... .......... .......... 61% 26.6M 10s
 96850K .......... .......... .......... .......... .......... 61% 14.3M 10s
 96900K .......... .......... .......... .......... .......... 61% 74.1M 10s
 96950K .......... .......... .......... .......... .......... 62% 6.34M 10s
 97000K .......... .......... .......... .......... .......... 62% 10.9M 10s
 97050K .......... .......... .......... .......... .......... 62% 74.8M 10s
 97100K .......... .......... .......... .......... .......... 62% 52.3M 10s
 97150K .......... .......... .......... .......... .......... 62% 12.1M 10s
 97200K .......... .......... .......... .......... .......... 62% 10.2M 10s
 97250K .......... .......... .......... .......... .......... 62% 88.1M 10s
 97300K .......... .......... .......... .......... .......... 62% 99.7M 10s
 97350K .......... .......... .......... .......... .......... 62% 2.48M 10s
 97400K .......... .......... .......... .......... .......... 62% 62.6M 10s
 97450K .......... .......... .......... .......... .......... 62% 78.0M 10s
 97500K .......... .......... .......... .......... .......... 62% 14.0M 10s
 97550K .......... .......... .......... .......... .......... 62% 17.8M 10s
 97600K .......... .......... .......... .......... .......... 62% 78.0M 10s
 97650K .......... .......... .......... .......... .......... 62% 19.3M 10s
 97700K .......... .......... .......... .......... .......... 62% 10.6M 10s
 97750K .......... .......... .......... .......... .......... 62% 79.5M 10s
 97800K .......... .......... .......... .......... .......... 62% 4.77M 10s
 97850K .......... .......... .......... .......... .......... 62% 72.1M 10s
 97900K .......... .......... .......... .......... .......... 62% 56.7M 10s
 97950K .......... .......... .......... .......... .......... 62% 85.7M 10s
 98000K .......... .......... .......... .......... .......... 62% 3.13M 10s
 98050K .......... .......... .......... .......... .......... 62% 74.9M 10s
 98100K .......... .......... .......... .......... .......... 62% 5.59M 10s
 98150K .......... .......... .......... .......... .......... 62% 62.7M 10s
 98200K .......... .......... .......... .......... .......... 62% 29.9M 10s
 98250K .......... .......... .......... .......... .......... 62% 16.2M 10s
 98300K .......... .......... .......... .......... .......... 62% 9.87M 10s
 98350K .......... .......... .......... .......... .......... 62% 13.1M 10s
 98400K .......... .......... .......... .......... .......... 62% 20.7M 10s
 98450K .......... .......... .......... .......... .......... 62% 21.7M 10s
 98500K .......... .......... .......... .......... .......... 63% 5.24M 10s
 98550K .......... .......... .......... .......... .......... 63% 7.91M 10s
 98600K .......... .......... .......... .......... .......... 63% 93.7M 10s
 98650K .......... .......... .......... .......... .......... 63% 12.1M 10s
 98700K .......... .......... .......... .......... .......... 63% 58.1M 10s
 98750K .......... .......... .......... .......... .......... 63% 4.58M 10s
 98800K .......... .......... .......... .......... .......... 63% 2.28M 10s
 98850K .......... .......... .......... .......... .......... 63% 70.8M 10s
 98900K .......... .......... .......... .......... .......... 63% 85.5M 10s
 98950K .......... .......... .......... .......... .......... 63% 74.6M 10s
 99000K .......... .......... .......... .......... .......... 63% 98.8M 10s
 99050K .......... .......... .......... .......... .......... 63% 4.11M 10s
 99100K .......... .......... .......... .......... .......... 63% 60.1M 10s
 99150K .......... .......... .......... .......... .......... 63% 9.74M 10s
 99200K .......... .......... .......... .......... .......... 63% 8.67M 10s
 99250K .......... .......... .......... .......... .......... 63% 72.5M 10s
 99300K .......... .......... .......... .......... .......... 63% 3.48M 10s
 99350K .......... .......... .......... .......... .......... 63% 93.1M 10s
 99400K .......... .......... .......... .......... .......... 63% 71.7M 10s
 99450K .......... .......... .......... .......... .......... 63% 17.1M 10s
 99500K .......... .......... .......... .......... .......... 63% 2.90M 10s
 99550K .......... .......... .......... .......... .......... 63% 21.5M 10s
 99600K .......... .......... .......... .......... .......... 63% 73.7M 10s
 99650K .......... .......... .......... .......... .......... 63% 73.8M 10s
 99700K .......... .......... .......... .......... .......... 63% 72.4M 10s
 99750K .......... .......... .......... .......... .......... 63% 21.6M 10s
 99800K .......... .......... .......... .......... .......... 63% 67.8M 10s
 99850K .......... .......... .......... .......... .......... 63% 5.38M 10s
 99900K .......... .......... .......... .......... .......... 63% 35.2M 10s
 99950K .......... .......... .......... .......... .......... 63% 18.6M 10s
100000K .......... .......... .......... .......... .......... 63% 60.1M 10s
100050K .......... .......... .......... .......... .......... 64% 23.4M 10s
100100K .......... .......... .......... .......... .......... 64% 73.6M 10s
100150K .......... .......... .......... .......... .......... 64% 6.14M 10s
100200K .......... .......... .......... .......... .......... 64% 2.39M 10s
100250K .......... .......... .......... .......... .......... 64% 18.3M 10s
100300K .......... .......... .......... .......... .......... 64% 23.1M 10s
100350K .......... .......... .......... .......... .......... 64%  116M 10s
100400K .......... .......... .......... .......... .......... 64% 78.9M 10s
100450K .......... .......... .......... .......... .......... 64% 96.5M 10s
100500K .......... .......... .......... .......... .......... 64% 72.0M 10s
100550K .......... .......... .......... .......... .......... 64% 2.61M 10s
100600K .......... .......... .......... .......... .......... 64% 93.6M 10s
100650K .......... .......... .......... .......... .......... 64% 83.7M 10s
100700K .......... .......... .......... .......... .......... 64% 74.0M 10s
100750K .......... .......... .......... .......... .......... 64% 17.7M 10s
100800K .......... .......... .......... .......... .......... 64% 15.6M 10s
100850K .......... .......... .......... .......... .......... 64% 2.09M 10s
100900K .......... .......... .......... .......... .......... 64% 74.6M 10s
100950K .......... .......... .......... .......... .......... 64% 98.0M 10s
101000K .......... .......... .......... .......... .......... 64% 93.4M 10s
101050K .......... .......... .......... .......... .......... 64% 77.3M 10s
101100K .......... .......... .......... .......... .......... 64% 93.3M 9s
101150K .......... .......... .......... .......... .......... 64% 14.2M 9s
101200K .......... .......... .......... .......... .......... 64% 2.58M 9s
101250K .......... .......... .......... .......... .......... 64%  126M 9s
101300K .......... .......... .......... .......... .......... 64%  135M 9s
101350K .......... .......... .......... .......... .......... 64% 4.75M 9s
101400K .......... .......... .......... .......... .......... 64% 21.7M 9s
101450K .......... .......... .......... .......... .......... 64% 93.6M 9s
101500K .......... .......... .......... .......... .......... 64%  100M 9s
101550K .......... .......... .......... .......... .......... 64% 6.88M 9s
101600K .......... .......... .......... .......... .......... 65% 16.6M 9s
101650K .......... .......... .......... .......... .......... 65% 12.2M 9s
101700K .......... .......... .......... .......... .......... 65% 7.38M 9s
101750K .......... .......... .......... .......... .......... 65% 77.3M 9s
101800K .......... .......... .......... .......... .......... 65% 81.8M 9s
101850K .......... .......... .......... .......... .......... 65% 91.9M 9s
101900K .......... .......... .......... .......... .......... 65% 11.1M 9s
101950K .......... .......... .......... .......... .......... 65% 63.8M 9s
102000K .......... .......... .......... .......... .......... 65% 4.48M 9s
102050K .......... .......... .......... .......... .......... 65% 69.9M 9s
102100K .......... .......... .......... .......... .......... 65% 23.1M 9s
102150K .......... .......... .......... .......... .......... 65% 73.3M 9s
102200K .......... .......... .......... .......... .......... 65% 1.83M 9s
102250K .......... .......... .......... .......... .......... 65% 70.2M 9s
102300K .......... .......... .......... .......... .......... 65%  110M 9s
102350K .......... .......... .......... .......... .......... 65% 12.5M 9s
102400K .......... .......... .......... .......... .......... 65% 73.7M 9s
102450K .......... .......... .......... .......... .......... 65% 76.4M 9s
102500K .......... .......... .......... .......... .......... 65% 71.6M 9s
102550K .......... .......... .......... .......... .......... 65% 3.32M 9s
102600K .......... .......... .......... .......... .......... 65% 72.4M 9s
102650K .......... .......... .......... .......... .......... 65% 9.53M 9s
102700K .......... .......... .......... .......... .......... 65% 71.6M 9s
102750K .......... .......... .......... .......... .......... 65% 57.5M 9s
102800K .......... .......... .......... .......... .......... 65% 71.1M 9s
102850K .......... .......... .......... .......... .......... 65% 88.3M 9s
102900K .......... .......... .......... .......... .......... 65% 3.26M 9s
102950K .......... .......... .......... .......... .......... 65% 77.8M 9s
103000K .......... .......... .......... .......... .......... 65% 75.0M 9s
103050K .......... .......... .......... .......... .......... 65% 76.8M 9s
103100K .......... .......... .......... .......... .......... 65% 16.2M 9s
103150K .......... .......... .......... .......... .......... 65% 66.2M 9s
103200K .......... .......... .......... .......... .......... 66% 24.8M 9s
103250K .......... .......... .......... .......... .......... 66% 2.50M 9s
103300K .......... .......... .......... .......... .......... 66% 74.5M 9s
103350K .......... .......... .......... .......... .......... 66% 79.7M 9s
103400K .......... .......... .......... .......... .......... 66% 15.6M 9s
103450K .......... .......... .......... .......... .......... 66% 82.5M 9s
103500K .......... .......... .......... .......... .......... 66% 13.0M 9s
103550K .......... .......... .......... .......... .......... 66% 62.5M 9s
103600K .......... .......... .......... .......... .......... 66% 8.76M 9s
103650K .......... .......... .......... .......... .......... 66% 71.0M 9s
103700K .......... .......... .......... .......... .......... 66% 16.7M 9s
103750K .......... .......... .......... .......... .......... 66% 79.1M 9s
103800K .......... .......... .......... .......... .......... 66% 79.8M 9s
103850K .......... .......... .......... .......... .......... 66% 15.9M 9s
103900K .......... .......... .......... .......... .......... 66% 73.2M 9s
103950K .......... .......... .......... .......... .......... 66% 3.88M 9s
104000K .......... .......... .......... .......... .......... 66% 72.9M 9s
104050K .......... .......... .......... .......... .......... 66% 79.4M 9s
104100K .......... .......... .......... .......... .......... 66% 19.9M 9s
104150K .......... .......... .......... .......... .......... 66% 78.5M 9s
104200K .......... .......... .......... .......... .......... 66% 16.8M 9s
104250K .......... .......... .......... .......... .......... 66% 71.3M 9s
104300K .......... .......... .......... .......... .......... 66% 7.58M 9s
104350K .......... .......... .......... .......... .......... 66% 5.32M 9s
104400K .......... .......... .......... .......... .......... 66% 2.12M 9s
104450K .......... .......... .......... .......... .......... 66% 89.6M 9s
104500K .......... .......... .......... .......... .......... 66% 70.2M 9s
104550K .......... .......... .......... .......... .......... 66% 97.6M 9s
104600K .......... .......... .......... .......... .......... 66% 19.5M 9s
104650K .......... .......... .......... .......... .......... 66% 10.0M 9s
104700K .......... .......... .......... .......... .......... 66% 70.4M 9s
104750K .......... .......... .......... .......... .......... 67% 6.28M 9s
104800K .......... .......... .......... .......... .......... 67% 74.2M 9s
104850K .......... .......... .......... .......... .......... 67% 92.0M 9s
104900K .......... .......... .......... .......... .......... 67% 7.34M 9s
104950K .......... .......... .......... .......... .......... 67% 81.3M 9s
105000K .......... .......... .......... .......... .......... 67% 18.5M 9s
105050K .......... .......... .......... .......... .......... 67% 79.6M 9s
105100K .......... .......... .......... .......... .......... 67% 32.0M 9s
105150K .......... .......... .......... .......... .......... 67% 8.00M 9s
105200K .......... .......... .......... .......... .......... 67% 84.2M 9s
105250K .......... .......... .......... .......... .......... 67% 7.85M 9s
105300K .......... .......... .......... .......... .......... 67% 82.7M 9s
105350K .......... .......... .......... .......... .......... 67% 16.0M 9s
105400K .......... .......... .......... .......... .......... 67% 31.9M 9s
105450K .......... .......... .......... .......... .......... 67% 82.5M 9s
105500K .......... .......... .......... .......... .......... 67% 16.3M 9s
105550K .......... .......... .......... .......... .......... 67% 8.69M 9s
105600K .......... .......... .......... .......... .......... 67% 75.5M 9s
105650K .......... .......... .......... .......... .......... 67% 77.5M 8s
105700K .......... .......... .......... .......... .......... 67% 80.3M 8s
105750K .......... .......... .......... .......... .......... 67% 2.73M 8s
105800K .......... .......... .......... .......... .......... 67% 87.9M 8s
105850K .......... .......... .......... .......... .......... 67% 73.2M 8s
105900K .......... .......... .......... .......... .......... 67% 89.3M 8s
105950K .......... .......... .......... .......... .......... 67% 5.74M 8s
106000K .......... .......... .......... .......... .......... 67% 99.7M 8s
106050K .......... .......... .......... .......... .......... 67% 92.9M 8s
106100K .......... .......... .......... .......... .......... 67% 7.07M 8s
106150K .......... .......... .......... .......... .......... 67% 15.9M 8s
106200K .......... .......... .......... .......... .......... 67% 69.2M 8s
106250K .......... .......... .......... .......... .......... 67% 85.3M 8s
106300K .......... .......... .......... .......... .......... 68% 19.9M 8s
106350K .......... .......... .......... .......... .......... 68% 17.2M 8s
106400K .......... .......... .......... .......... .......... 68% 19.2M 8s
106450K .......... .......... .......... .......... .......... 68% 8.47M 8s
106500K .......... .......... .......... .......... .......... 68% 5.30M 8s
106550K .......... .......... .......... .......... .......... 68% 66.3M 8s
106600K .......... .......... .......... .......... .......... 68% 92.0M 8s
106650K .......... .......... .......... .......... .......... 68% 9.42M 8s
106700K .......... .......... .......... .......... .......... 68% 73.2M 8s
106750K .......... .......... .......... .......... .......... 68% 61.1M 8s
106800K .......... .......... .......... .......... .......... 68% 7.95M 8s
106850K .......... .......... .......... .......... .......... 68% 2.64M 8s
106900K .......... .......... .......... .......... .......... 68% 80.7M 8s
106950K .......... .......... .......... .......... .......... 68% 77.9M 8s
107000K .......... .......... .......... .......... .......... 68% 75.8M 8s
107050K .......... .......... .......... .......... .......... 68% 74.6M 8s
107100K .......... .......... .......... .......... .......... 68% 93.7M 8s
107150K .......... .......... .......... .......... .......... 68% 60.4M 8s
107200K .......... .......... .......... .......... .......... 68% 1.92M 8s
107250K .......... .......... .......... .......... .......... 68% 87.2M 8s
107300K .......... .......... .......... .......... .......... 68% 78.6M 8s
107350K .......... .......... .......... .......... .......... 68% 69.1M 8s
107400K .......... .......... .......... .......... .......... 68% 79.3M 8s
107450K .......... .......... .......... .......... .......... 68% 87.2M 8s
107500K .......... .......... .......... .......... .......... 68% 7.45M 8s
107550K .......... .......... .......... .......... .......... 68% 1.66M 8s
107600K .......... .......... .......... .......... .......... 68% 67.3M 8s
107650K .......... .......... .......... .......... .......... 68% 80.4M 8s
107700K .......... .......... .......... .......... .......... 68% 80.6M 8s
107750K .......... .......... .......... .......... .......... 68% 70.0M 8s
107800K .......... .......... .......... .......... .......... 68% 97.4M 8s
107850K .......... .......... .......... .......... .......... 68% 66.0M 8s
107900K .......... .......... .......... .......... .......... 69% 3.31M 8s
107950K .......... .......... .......... .......... .......... 69% 58.0M 8s
108000K .......... .......... .......... .......... .......... 69% 28.8M 8s
108050K .......... .......... .......... .......... .......... 69% 4.08M 8s
108100K .......... .......... .......... .......... .......... 69% 70.2M 8s
108150K .......... .......... .......... .......... .......... 69% 74.5M 8s
108200K .......... .......... .......... .......... .......... 69% 78.0M 8s
108250K .......... .......... .......... .......... .......... 69% 79.5M 8s
108300K .......... .......... .......... .......... .......... 69% 81.0M 8s
108350K .......... .......... .......... .......... .......... 69% 10.9M 8s
108400K .......... .......... .......... .......... .......... 69% 3.07M 8s
108450K .......... .......... .......... .......... .......... 69% 62.9M 8s
108500K .......... .......... .......... .......... .......... 69% 72.0M 8s
108550K .......... .......... .......... .......... .......... 69% 79.9M 8s
108600K .......... .......... .......... .......... .......... 69% 13.0M 8s
108650K .......... .......... .......... .......... .......... 69% 85.7M 8s
108700K .......... .......... .......... .......... .......... 69% 67.6M 8s
108750K .......... .......... .......... .......... .......... 69% 4.80M 8s
108800K .......... .......... .......... .......... .......... 69% 83.9M 8s
108850K .......... .......... .......... .......... .......... 69% 16.9M 8s
108900K .......... .......... .......... .......... .......... 69% 68.1M 8s
108950K .......... .......... .......... .......... .......... 69% 73.7M 8s
109000K .......... .......... .......... .......... .......... 69% 70.2M 8s
109050K .......... .......... .......... .......... .......... 69% 12.6M 8s
109100K .......... .......... .......... .......... .......... 69% 2.39M 8s
109150K .......... .......... .......... .......... .......... 69% 58.9M 8s
109200K .......... .......... .......... .......... .......... 69% 86.0M 8s
109250K .......... .......... .......... .......... .......... 69% 70.2M 8s
109300K .......... .......... .......... .......... .......... 69% 87.0M 8s
109350K .......... .......... .......... .......... .......... 69% 76.2M 8s
109400K .......... .......... .......... .......... .......... 69% 95.2M 8s
109450K .......... .......... .......... .......... .......... 70% 3.38M 8s
109500K .......... .......... .......... .......... .......... 70% 81.2M 8s
109550K .......... .......... .......... .......... .......... 70% 2.18M 8s
109600K .......... .......... .......... .......... .......... 70% 74.9M 8s
109650K .......... .......... .......... .......... .......... 70% 95.1M 8s
109700K .......... .......... .......... .......... .......... 70% 70.4M 8s
109750K .......... .......... .......... .......... .......... 70% 86.9M 8s
109800K .......... .......... .......... .......... .......... 70% 67.7M 8s
109850K .......... .......... .......... .......... .......... 70% 12.8M 8s
109900K .......... .......... .......... .......... .......... 70% 4.01M 8s
109950K .......... .......... .......... .......... .......... 70% 23.4M 8s
110000K .......... .......... .......... .......... .......... 70% 32.7M 8s
110050K .......... .......... .......... .......... .......... 70% 31.5M 8s
110100K .......... .......... .......... .......... .......... 70% 14.2M 8s
110150K .......... .......... .......... .......... .......... 70% 98.2M 8s
110200K .......... .......... .......... .......... .......... 70% 8.99M 8s
110250K .......... .......... .......... .......... .......... 70%  104M 8s
110300K .......... .......... .......... .......... .......... 70% 26.4M 8s
110350K .......... .......... .......... .......... .......... 70% 10.5M 8s
110400K .......... .......... .......... .......... .......... 70% 94.7M 8s
110450K .......... .......... .......... .......... .......... 70% 15.8M 8s
110500K .......... .......... .......... .......... .......... 70% 92.2M 7s
110550K .......... .......... .......... .......... .......... 70% 3.56M 7s
110600K .......... .......... .......... .......... .......... 70% 74.6M 7s
110650K .......... .......... .......... .......... .......... 70% 42.7M 7s
110700K .......... .......... .......... .......... .......... 70% 82.2M 7s
110750K .......... .......... .......... .......... .......... 70% 14.2M 7s
110800K .......... .......... .......... .......... .......... 70% 92.2M 7s
110850K .......... .......... .......... .......... .......... 70% 96.9M 7s
110900K .......... .......... .......... .......... .......... 70% 2.76M 7s
110950K .......... .......... .......... .......... .......... 70% 87.7M 7s
111000K .......... .......... .......... .......... .......... 71% 98.3M 7s
111050K .......... .......... .......... .......... .......... 71% 69.8M 7s
111100K .......... .......... .......... .......... .......... 71% 13.3M 7s
111150K .......... .......... .......... .......... .......... 71% 73.0M 7s
111200K .......... .......... .......... .......... .......... 71% 90.7M 7s
111250K .......... .......... .......... .......... .......... 71% 2.53M 7s
111300K .......... .......... .......... .......... .......... 71% 20.3M 7s
111350K .......... .......... .......... .......... .......... 71% 82.5M 7s
111400K .......... .......... .......... .......... .......... 71%  100M 7s
111450K .......... .......... .......... .......... .......... 71% 17.6M 7s
111500K .......... .......... .......... .......... .......... 71% 68.3M 7s
111550K .......... .......... .......... .......... .......... 71% 22.3M 7s
111600K .......... .......... .......... .......... .......... 71% 4.36M 7s
111650K .......... .......... .......... .......... .......... 71% 19.5M 7s
111700K .......... .......... .......... .......... .......... 71% 82.3M 7s
111750K .......... .......... .......... .......... .......... 71% 34.9M 7s
111800K .......... .......... .......... .......... .......... 71% 16.6M 7s
111850K .......... .......... .......... .......... .......... 71% 23.3M 7s
111900K .......... .......... .......... .......... .......... 71% 35.3M 7s
111950K .......... .......... .......... .......... .......... 71% 90.1M 7s
112000K .......... .......... .......... .......... .......... 71% 1.66M 7s
112050K .......... .......... .......... .......... .......... 71% 95.3M 7s
112100K .......... .......... .......... .......... .......... 71% 87.6M 7s
112150K .......... .......... .......... .......... .......... 71% 5.97M 7s
112200K .......... .......... .......... .......... .......... 71% 95.7M 7s
112250K .......... .......... .......... .......... .......... 71% 95.2M 7s
112300K .......... .......... .......... .......... .......... 71% 76.9M 7s
112350K .......... .......... .......... .......... .......... 71% 1.75M 7s
112400K .......... .......... .......... .......... .......... 71% 76.3M 7s
112450K .......... .......... .......... .......... .......... 71% 39.8M 7s
112500K .......... .......... .......... .......... .......... 71% 67.8M 7s
112550K .......... .......... .......... .......... .......... 72% 83.0M 7s
112600K .......... .......... .......... .......... .......... 72% 10.6M 7s
112650K .......... .......... .......... .......... .......... 72% 95.2M 7s
112700K .......... .......... .......... .......... .......... 72% 5.88M 7s
112750K .......... .......... .......... .......... .......... 72% 87.6M 7s
112800K .......... .......... .......... .......... .......... 72% 15.8M 7s
112850K .......... .......... .......... .......... .......... 72% 15.5M 7s
112900K .......... .......... .......... .......... .......... 72% 79.8M 7s
112950K .......... .......... .......... .......... .......... 72% 16.1M 7s
113000K .......... .......... .......... .......... .......... 72% 13.2M 7s
113050K .......... .......... .......... .......... .......... 72% 9.54M 7s
113100K .......... .......... .......... .......... .......... 72% 53.0M 7s
113150K .......... .......... .......... .......... .......... 72% 95.5M 7s
113200K .......... .......... .......... .......... .......... 72% 5.95M 7s
113250K .......... .......... .......... .......... .......... 72% 78.4M 7s
113300K .......... .......... .......... .......... .......... 72% 89.2M 7s
113350K .......... .......... .......... .......... .......... 72% 10.6M 7s
113400K .......... .......... .......... .......... .......... 72% 70.1M 7s
113450K .......... .......... .......... .......... .......... 72% 3.13M 7s
113500K .......... .......... .......... .......... .......... 72% 48.5M 7s
113550K .......... .......... .......... .......... .......... 72% 61.3M 7s
113600K .......... .......... .......... .......... .......... 72%  100M 7s
113650K .......... .......... .......... .......... .......... 72% 21.5M 7s
113700K .......... .......... .......... .......... .......... 72% 22.1M 7s
113750K .......... .......... .......... .......... .......... 72% 77.9M 7s
113800K .......... .......... .......... .......... .......... 72% 4.12M 7s
113850K .......... .......... .......... .......... .......... 72% 15.6M 7s
113900K .......... .......... .......... .......... .......... 72% 56.6M 7s
113950K .......... .......... .......... .......... .......... 72% 82.6M 7s
114000K .......... .......... .......... .......... .......... 72% 12.9M 7s
114050K .......... .......... .......... .......... .......... 72% 19.7M 7s
114100K .......... .......... .......... .......... .......... 72% 88.9M 7s
114150K .......... .......... .......... .......... .......... 73% 3.91M 7s
114200K .......... .......... .......... .......... .......... 73% 25.8M 7s
114250K .......... .......... .......... .......... .......... 73% 11.7M 7s
114300K .......... .......... .......... .......... .......... 73% 58.6M 7s
114350K .......... .......... .......... .......... .......... 73% 92.0M 7s
114400K .......... .......... .......... .......... .......... 73% 67.3M 7s
114450K .......... .......... .......... .......... .......... 73% 9.12M 7s
114500K .......... .......... .......... .......... .......... 73% 66.4M 7s
114550K .......... .......... .......... .......... .......... 73% 76.3M 7s
114600K .......... .......... .......... .......... .......... 73% 20.6M 7s
114650K .......... .......... .......... .......... .......... 73% 2.86M 7s
114700K .......... .......... .......... .......... .......... 73% 89.3M 7s
114750K .......... .......... .......... .......... .......... 73% 53.2M 7s
114800K .......... .......... .......... .......... .......... 73% 69.8M 7s
114850K .......... .......... .......... .......... .......... 73% 75.9M 7s
114900K .......... .......... .......... .......... .......... 73% 76.3M 7s
114950K .......... .......... .......... .......... .......... 73% 91.5M 7s
115000K .......... .......... .......... .......... .......... 73% 2.44M 7s
115050K .......... .......... .......... .......... .......... 73% 68.8M 7s
115100K .......... .......... .......... .......... .......... 73%  137M 7s
115150K .......... .......... .......... .......... .......... 73%  102M 7s
115200K .......... .......... .......... .......... .......... 73% 24.0M 7s
115250K .......... .......... .......... .......... .......... 73% 9.26M 7s
115300K .......... .......... .......... .......... .......... 73% 81.8M 7s
115350K .......... .......... .......... .......... .......... 73% 3.17M 7s
115400K .......... .......... .......... .......... .......... 73% 93.9M 7s
115450K .......... .......... .......... .......... .......... 73% 38.1M 7s
115500K .......... .......... .......... .......... .......... 73% 97.2M 7s
115550K .......... .......... .......... .......... .......... 73% 26.7M 7s
115600K .......... .......... .......... .......... .......... 73% 19.3M 6s
115650K .......... .......... .......... .......... .......... 73%  102M 6s
115700K .......... .......... .......... .......... .......... 74% 4.57M 6s
115750K .......... .......... .......... .......... .......... 74% 13.5M 6s
115800K .......... .......... .......... .......... .......... 74% 17.9M 6s
115850K .......... .......... .......... .......... .......... 74% 97.2M 6s
115900K .......... .......... .......... .......... .......... 74% 18.2M 6s
115950K .......... .......... .......... .......... .......... 74% 18.7M 6s
116000K .......... .......... .......... .......... .......... 74% 74.5M 6s
116050K .......... .......... .......... .......... .......... 74% 2.14M 6s
116100K .......... .......... .......... .......... .......... 74% 81.9M 6s
116150K .......... .......... .......... .......... .......... 74% 89.2M 6s
116200K .......... .......... .......... .......... .......... 74% 88.5M 6s
116250K .......... .......... .......... .......... .......... 74% 95.4M 6s
116300K .......... .......... .......... .......... .......... 74% 15.8M 6s
116350K .......... .......... .......... .......... .......... 74% 86.0M 6s
116400K .......... .......... .......... .......... .......... 74% 3.67M 6s
116450K .......... .......... .......... .......... .......... 74% 13.6M 6s
116500K .......... .......... .......... .......... .......... 74% 93.0M 6s
116550K .......... .......... .......... .......... .......... 74% 89.7M 6s
116600K .......... .......... .......... .......... .......... 74% 6.49M 6s
116650K .......... .......... .......... .......... .......... 74% 92.9M 6s
116700K .......... .......... .......... .......... .......... 74% 86.0M 6s
116750K .......... .......... .......... .......... .......... 74% 65.2M 6s
116800K .......... .......... .......... .......... .......... 74% 15.3M 6s
116850K .......... .......... .......... .......... .......... 74% 77.7M 6s
116900K .......... .......... .......... .......... .......... 74% 8.59M 6s
116950K .......... .......... .......... .......... .......... 74% 81.4M 6s
117000K .......... .......... .......... .......... .......... 74% 2.84M 6s
117050K .......... .......... .......... .......... .......... 74% 98.4M 6s
117100K .......... .......... .......... .......... .......... 74% 86.3M 6s
117150K .......... .......... .......... .......... .......... 74% 70.9M 6s
117200K .......... .......... .......... .......... .......... 74% 71.4M 6s
117250K .......... .......... .......... .......... .......... 75% 16.9M 6s
117300K .......... .......... .......... .......... .......... 75% 14.2M 6s
117350K .......... .......... .......... .......... .......... 75% 2.41M 6s
117400K .......... .......... .......... .......... .......... 75% 97.9M 6s
117450K .......... .......... .......... .......... .......... 75% 78.6M 6s
117500K .......... .......... .......... .......... .......... 75% 76.3M 6s
117550K .......... .......... .......... .......... .......... 75% 23.7M 6s
117600K .......... .......... .......... .......... .......... 75% 76.9M 6s
117650K .......... .......... .......... .......... .......... 75% 17.6M 6s
117700K .......... .......... .......... .......... .......... 75% 13.0M 6s
117750K .......... .......... .......... .......... .......... 75% 3.52M 6s
117800K .......... .......... .......... .......... .......... 75% 16.2M 6s
117850K .......... .......... .......... .......... .......... 75% 95.6M 6s
117900K .......... .......... .......... .......... .......... 75% 82.0M 6s
117950K .......... .......... .......... .......... .......... 75% 14.3M 6s
118000K .......... .......... .......... .......... .......... 75% 94.2M 6s
118050K .......... .......... .......... .......... .......... 75% 3.35M 6s
118100K .......... .......... .......... .......... .......... 75% 80.2M 6s
118150K .......... .......... .......... .......... .......... 75%  107M 6s
118200K .......... .......... .......... .......... .......... 75% 3.66M 6s
118250K .......... .......... .......... .......... .......... 75% 97.2M 6s
118300K .......... .......... .......... .......... .......... 75% 92.9M 6s
118350K .......... .......... .......... .......... .......... 75% 69.3M 6s
118400K .......... .......... .......... .......... .......... 75% 6.98M 6s
118450K .......... .......... .......... .......... .......... 75% 94.5M 6s
118500K .......... .......... .......... .......... .......... 75% 91.1M 6s
118550K .......... .......... .......... .......... .......... 75% 2.98M 6s
118600K .......... .......... .......... .......... .......... 75% 76.7M 6s
118650K .......... .......... .......... .......... .......... 75% 96.5M 6s
118700K .......... .......... .......... .......... .......... 75% 88.3M 6s
118750K .......... .......... .......... .......... .......... 75% 20.4M 6s
118800K .......... .......... .......... .......... .......... 76% 58.6M 6s
118850K .......... .......... .......... .......... .......... 76% 12.7M 6s
118900K .......... .......... .......... .......... .......... 76% 6.79M 6s
118950K .......... .......... .......... .......... .......... 76% 2.83M 6s
119000K .......... .......... .......... .......... .......... 76% 20.2M 6s
119050K .......... .......... .......... .......... .......... 76% 84.3M 6s
119100K .......... .......... .......... .......... .......... 76% 76.2M 6s
119150K .......... .......... .......... .......... .......... 76% 75.9M 6s
119200K .......... .......... .......... .......... .......... 76% 58.7M 6s
119250K .......... .......... .......... .......... .......... 76% 26.3M 6s
119300K .......... .......... .......... .......... .......... 76% 2.32M 6s
119350K .......... .......... .......... .......... .......... 76% 91.9M 6s
119400K .......... .......... .......... .......... .......... 76% 16.3M 6s
119450K .......... .......... .......... .......... .......... 76% 80.6M 6s
119500K .......... .......... .......... .......... .......... 76% 22.9M 6s
119550K .......... .......... .......... .......... .......... 76% 10.5M 6s
119600K .......... .......... .......... .......... .......... 76% 13.1M 6s
119650K .......... .......... .......... .......... .......... 76% 15.2M 6s
119700K .......... .......... .......... .......... .......... 76% 5.78M 6s
119750K .......... .......... .......... .......... .......... 76% 75.5M 6s
119800K .......... .......... .......... .......... .......... 76% 18.1M 6s
119850K .......... .......... .......... .......... .......... 76% 99.5M 6s
119900K .......... .......... .......... .......... .......... 76% 8.86M 6s
119950K .......... .......... .......... .......... .......... 76% 59.5M 6s
120000K .......... .......... .......... .......... .......... 76%  106M 6s
120050K .......... .......... .......... .......... .......... 76% 4.43M 6s
120100K .......... .......... .......... .......... .......... 76% 69.5M 6s
120150K .......... .......... .......... .......... .......... 76% 81.3M 6s
120200K .......... .......... .......... .......... .......... 76% 69.7M 6s
120250K .......... .......... .......... .......... .......... 76% 5.49M 6s
120300K .......... .......... .......... .......... .......... 76% 7.53M 6s
120350K .......... .......... .......... .......... .......... 76% 53.2M 6s
120400K .......... .......... .......... .......... .......... 77% 78.1M 6s
120450K .......... .......... .......... .......... .......... 77% 18.4M 6s
120500K .......... .......... .......... .......... .......... 77% 75.9M 6s
120550K .......... .......... .......... .......... .......... 77% 75.9M 6s
120600K .......... .......... .......... .......... .......... 77% 75.8M 6s
120650K .......... .......... .......... .......... .......... 77% 1.51M 6s
120700K .......... .......... .......... .......... .......... 77% 8.27M 6s
120750K .......... .......... .......... .......... .......... 77% 75.0M 6s
120800K .......... .......... .......... .......... .......... 77%  133M 6s
120850K .......... .......... .......... .......... .......... 77%  162M 6s
120900K .......... .......... .......... .......... .......... 77%  140M 6s
120950K .......... .......... .......... .......... .......... 77%  137M 6s
121000K .......... .......... .......... .......... .......... 77%  143M 5s
121050K .......... .......... .......... .......... .......... 77% 3.67M 5s
121100K .......... .......... .......... .......... .......... 77% 14.7M 5s
121150K .......... .......... .......... .......... .......... 77% 24.7M 5s
121200K .......... .......... .......... .......... .......... 77% 9.66M 5s
121250K .......... .......... .......... .......... .......... 77% 11.9M 5s
121300K .......... .......... .......... .......... .......... 77% 9.59M 5s
121350K .......... .......... .......... .......... .......... 77% 6.41M 5s
121400K .......... .......... .......... .......... .......... 77% 80.1M 5s
121450K .......... .......... .......... .......... .......... 77% 27.6M 5s
121500K .......... .......... .......... .......... .......... 77% 59.8M 5s
121550K .......... .......... .......... .......... .......... 77% 17.3M 5s
121600K .......... .......... .......... .......... .......... 77% 14.9M 5s
121650K .......... .......... .......... .......... .......... 77% 95.1M 5s
121700K .......... .......... .......... .......... .......... 77% 2.19M 5s
121750K .......... .......... .......... .......... .......... 77% 80.7M 5s
121800K .......... .......... .......... .......... .......... 77% 75.6M 5s
121850K .......... .......... .......... .......... .......... 77% 80.2M 5s
121900K .......... .......... .......... .......... .......... 77% 9.26M 5s
121950K .......... .......... .......... .......... .......... 78% 54.8M 5s
122000K .......... .......... .......... .......... .......... 78% 88.1M 5s
122050K .......... .......... .......... .......... .......... 78% 18.4M 5s
122100K .......... .......... .......... .......... .......... 78% 2.45M 5s
122150K .......... .......... .......... .......... .......... 78% 72.7M 5s
122200K .......... .......... .......... .......... .......... 78% 74.2M 5s
122250K .......... .......... .......... .......... .......... 78% 83.6M 5s
122300K .......... .......... .......... .......... .......... 78% 20.3M 5s
122350K .......... .......... .......... .......... .......... 78% 56.2M 5s
122400K .......... .......... .......... .......... .......... 78% 78.1M 5s
122450K .......... .......... .......... .......... .......... 78% 85.3M 5s
122500K .......... .......... .......... .......... .......... 78% 2.49M 5s
122550K .......... .......... .......... .......... .......... 78% 76.3M 5s
122600K .......... .......... .......... .......... .......... 78% 82.1M 5s
122650K .......... .......... .......... .......... .......... 78% 70.5M 5s
122700K .......... .......... .......... .......... .......... 78% 84.0M 5s
122750K .......... .......... .......... .......... .......... 78% 10.3M 5s
122800K .......... .......... .......... .......... .......... 78% 70.3M 5s
122850K .......... .......... .......... .......... .......... 78% 5.44M 5s
122900K .......... .......... .......... .......... .......... 78% 58.5M 5s
122950K .......... .......... .......... .......... .......... 78% 7.01M 5s
123000K .......... .......... .......... .......... .......... 78% 57.8M 5s
123050K .......... .......... .......... .......... .......... 78% 79.0M 5s
123100K .......... .......... .......... .......... .......... 78% 71.2M 5s
123150K .......... .......... .......... .......... .......... 78% 17.3M 5s
123200K .......... .......... .......... .......... .......... 78% 79.7M 5s
123250K .......... .......... .......... .......... .......... 78% 84.5M 5s
123300K .......... .......... .......... .......... .......... 78% 3.22M 5s
123350K .......... .......... .......... .......... .......... 78% 88.0M 5s
123400K .......... .......... .......... .......... .......... 78%  129M 5s
123450K .......... .......... .......... .......... .......... 78% 5.61M 5s
123500K .......... .......... .......... .......... .......... 79% 69.1M 5s
123550K .......... .......... .......... .......... .......... 79% 57.9M 5s
123600K .......... .......... .......... .......... .......... 79% 76.8M 5s
123650K .......... .......... .......... .......... .......... 79% 8.33M 5s
123700K .......... .......... .......... .......... .......... 79% 74.3M 5s
123750K .......... .......... .......... .......... .......... 79% 73.4M 5s
123800K .......... .......... .......... .......... .......... 79% 6.26M 5s
123850K .......... .......... .......... .......... .......... 79% 81.0M 5s
123900K .......... .......... .......... .......... .......... 79% 9.85M 5s
123950K .......... .......... .......... .......... .......... 79% 19.3M 5s
124000K .......... .......... .......... .......... .......... 79% 69.4M 5s
124050K .......... .......... .......... .......... .......... 79% 15.3M 5s
124100K .......... .......... .......... .......... .......... 79% 63.2M 5s
124150K .......... .......... .......... .......... .......... 79% 23.5M 5s
124200K .......... .......... .......... .......... .......... 79% 79.0M 5s
124250K .......... .......... .......... .......... .......... 79% 70.9M 5s
124300K .......... .......... .......... .......... .......... 79% 2.70M 5s
124350K .......... .......... .......... .......... .......... 79% 63.5M 5s
124400K .......... .......... .......... .......... .......... 79% 76.5M 5s
124450K .......... .......... .......... .......... .......... 79% 75.8M 5s
124500K .......... .......... .......... .......... .......... 79% 73.6M 5s
124550K .......... .......... .......... .......... .......... 79% 67.6M 5s
124600K .......... .......... .......... .......... .......... 79% 9.16M 5s
124650K .......... .......... .......... .......... .......... 79% 67.5M 5s
124700K .......... .......... .......... .......... .......... 79% 4.41M 5s
124750K .......... .......... .......... .......... .......... 79% 84.8M 5s
124800K .......... .......... .......... .......... .......... 79% 74.4M 5s
124850K .......... .......... .......... .......... .......... 79% 12.8M 5s
124900K .......... .......... .......... .......... .......... 79% 77.4M 5s
124950K .......... .......... .......... .......... .......... 79% 3.83M 5s
125000K .......... .......... .......... .......... .......... 79% 83.4M 5s
125050K .......... .......... .......... .......... .......... 79%  137M 5s
125100K .......... .......... .......... .......... .......... 80%  116M 5s
125150K .......... .......... .......... .......... .......... 80% 90.9M 5s
125200K .......... .......... .......... .......... .......... 80% 43.1M 5s
125250K .......... .......... .......... .......... .......... 80% 68.7M 5s
125300K .......... .......... .......... .......... .......... 80% 8.85M 5s
125350K .......... .......... .......... .......... .......... 80% 75.8M 5s
125400K .......... .......... .......... .......... .......... 80% 16.6M 5s
125450K .......... .......... .......... .......... .......... 80% 87.6M 5s
125500K .......... .......... .......... .......... .......... 80% 6.30M 5s
125550K .......... .......... .......... .......... .......... 80% 48.4M 5s
125600K .......... .......... .......... .......... .......... 80% 81.0M 5s
125650K .......... .......... .......... .......... .......... 80% 23.3M 5s
125700K .......... .......... .......... .......... .......... 80% 70.2M 5s
125750K .......... .......... .......... .......... .......... 80% 69.4M 5s
125800K .......... .......... .......... .......... .......... 80%  113M 5s
125850K .......... .......... .......... .......... .......... 80% 2.76M 5s
125900K .......... .......... .......... .......... .......... 80% 66.9M 5s
125950K .......... .......... .......... .......... .......... 80% 90.6M 5s
126000K .......... .......... .......... .......... .......... 80% 44.9M 5s
126050K .......... .......... .......... .......... .......... 80% 33.0M 5s
126100K .......... .......... .......... .......... .......... 80% 70.8M 5s
126150K .......... .......... .......... .......... .......... 80% 71.5M 5s
126200K .......... .......... .......... .......... .......... 80% 89.4M 5s
126250K .......... .......... .......... .......... .......... 80% 2.42M 5s
126300K .......... .......... .......... .......... .......... 80% 87.4M 5s
126350K .......... .......... .......... .......... .......... 80%  104M 5s
126400K .......... .......... .......... .......... .......... 80% 72.5M 5s
126450K .......... .......... .......... .......... .......... 80% 97.3M 5s
126500K .......... .......... .......... .......... .......... 80% 12.1M 5s
126550K .......... .......... .......... .......... .......... 80% 87.8M 5s
126600K .......... .......... .......... .......... .......... 80% 67.1M 5s
126650K .......... .......... .......... .......... .......... 81% 4.65M 4s
126700K .......... .......... .......... .......... .......... 81% 93.5M 4s
126750K .......... .......... .......... .......... .......... 81% 84.8M 4s
126800K .......... .......... .......... .......... .......... 81% 14.2M 4s
126850K .......... .......... .......... .......... .......... 81% 85.8M 4s
126900K .......... .......... .......... .......... .......... 81% 68.9M 4s
126950K .......... .......... .......... .......... .......... 81% 7.01M 4s
127000K .......... .......... .......... .......... .......... 81% 24.0M 4s
127050K .......... .......... .......... .......... .......... 81% 6.09M 4s
127100K .......... .......... .......... .......... .......... 81% 77.0M 4s
127150K .......... .......... .......... .......... .......... 81% 96.1M 4s
127200K .......... .......... .......... .......... .......... 81% 4.10M 4s
127250K .......... .......... .......... .......... .......... 81% 95.7M 4s
127300K .......... .......... .......... .......... .......... 81% 27.8M 4s
127350K .......... .......... .......... .......... .......... 81% 81.3M 4s
127400K .......... .......... .......... .......... .......... 81% 8.39M 4s
127450K .......... .......... .......... .......... .......... 81% 86.8M 4s
127500K .......... .......... .......... .......... .......... 81% 15.9M 4s
127550K .......... .......... .......... .......... .......... 81% 93.5M 4s
127600K .......... .......... .......... .......... .......... 81% 3.59M 4s
127650K .......... .......... .......... .......... .......... 81% 85.6M 4s
127700K .......... .......... .......... .......... .......... 81% 87.4M 4s
127750K .......... .......... .......... .......... .......... 81% 12.1M 4s
127800K .......... .......... .......... .......... .......... 81% 76.5M 4s
127850K .......... .......... .......... .......... .......... 81% 87.3M 4s
127900K .......... .......... .......... .......... .......... 81% 77.3M 4s
127950K .......... .......... .......... .......... .......... 81% 4.05M 4s
128000K .......... .......... .......... .......... .......... 81% 71.7M 4s
128050K .......... .......... .......... .......... .......... 81% 90.7M 4s
128100K .......... .......... .......... .......... .......... 81% 25.2M 4s
128150K .......... .......... .......... .......... .......... 81% 78.6M 4s
128200K .......... .......... .......... .......... .......... 82% 75.4M 4s
128250K .......... .......... .......... .......... .......... 82% 95.0M 4s
128300K .......... .......... .......... .......... .......... 82% 17.4M 4s
128350K .......... .......... .......... .......... .......... 82% 1.80M 4s
128400K .......... .......... .......... .......... .......... 82% 70.0M 4s
128450K .......... .......... .......... .......... .......... 82% 71.5M 4s
128500K .......... .......... .......... .......... .......... 82% 79.3M 4s
128550K .......... .......... .......... .......... .......... 82% 21.8M 4s
128600K .......... .......... .......... .......... .......... 82% 10.4M 4s
128650K .......... .......... .......... .......... .......... 82% 14.4M 4s
128700K .......... .......... .......... .......... .......... 82% 61.8M 4s
128750K .......... .......... .......... .......... .......... 82% 2.57M 4s
128800K .......... .......... .......... .......... .......... 82% 38.4M 4s
128850K .......... .......... .......... .......... .......... 82% 48.5M 4s
128900K .......... .......... .......... .......... .......... 82%  129M 4s
128950K .......... .......... .......... .......... .......... 82%  126M 4s
129000K .......... .......... .......... .......... .......... 82% 8.25M 4s
129050K .......... .......... .......... .......... .......... 82% 91.8M 4s
129100K .......... .......... .......... .......... .......... 82% 67.8M 4s
129150K .......... .......... .......... .......... .......... 82% 4.74M 4s
129200K .......... .......... .......... .......... .......... 82% 84.4M 4s
129250K .......... .......... .......... .......... .......... 82% 43.1M 4s
129300K .......... .......... .......... .......... .......... 82% 79.2M 4s
129350K .......... .......... .......... .......... .......... 82% 10.5M 4s
129400K .......... .......... .......... .......... .......... 82% 77.6M 4s
129450K .......... .......... .......... .......... .......... 82% 18.7M 4s
129500K .......... .......... .......... .......... .......... 82% 6.58M 4s
129550K .......... .......... .......... .......... .......... 82% 3.57M 4s
129600K .......... .......... .......... .......... .......... 82% 68.4M 4s
129650K .......... .......... .......... .......... .......... 82% 64.1M 4s
129700K .......... .......... .......... .......... .......... 82% 69.1M 4s
129750K .......... .......... .......... .......... .......... 83% 26.0M 4s
129800K .......... .......... .......... .......... .......... 83% 86.5M 4s
129850K .......... .......... .......... .......... .......... 83%  129M 4s
129900K .......... .......... .......... .......... .......... 83% 32.4M 4s
129950K .......... .......... .......... .......... .......... 83% 5.54M 4s
130000K .......... .......... .......... .......... .......... 83% 87.3M 4s
130050K .......... .......... .......... .......... .......... 83% 22.8M 4s
130100K .......... .......... .......... .......... .......... 83% 74.2M 4s
130150K .......... .......... .......... .......... .......... 83% 7.75M 4s
130200K .......... .......... .......... .......... .......... 83% 74.8M 4s
130250K .......... .......... .......... .......... .......... 83% 23.9M 4s
130300K .......... .......... .......... .......... .......... 83% 77.3M 4s
130350K .......... .......... .......... .......... .......... 83% 14.2M 4s
130400K .......... .......... .......... .......... .......... 83% 74.6M 4s
130450K .......... .......... .......... .......... .......... 83% 48.4M 4s
130500K .......... .......... .......... .......... .......... 83% 4.68M 4s
130550K .......... .......... .......... .......... .......... 83%  102M 4s
130600K .......... .......... .......... .......... .......... 83% 97.4M 4s
130650K .......... .......... .......... .......... .......... 83%  105M 4s
130700K .......... .......... .......... .......... .......... 83% 19.6M 4s
130750K .......... .......... .......... .......... .......... 83% 66.4M 4s
130800K .......... .......... .......... .......... .......... 83% 93.4M 4s
130850K .......... .......... .......... .......... .......... 83% 85.8M 4s
130900K .......... .......... .......... .......... .......... 83% 3.68M 4s
130950K .......... .......... .......... .......... .......... 83% 88.6M 4s
131000K .......... .......... .......... .......... .......... 83% 93.1M 4s
131050K .......... .......... .......... .......... .......... 83% 1.12M 4s
131100K .......... .......... .......... .......... .......... 83% 58.2M 4s
131150K .......... .......... .......... .......... .......... 83% 65.2M 4s
131200K .......... .......... .......... .......... .......... 83% 73.3M 4s
131250K .......... .......... .......... .......... .......... 83% 74.0M 4s
131300K .......... .......... .......... .......... .......... 83% 63.7M 4s
131350K .......... .......... .......... .......... .......... 84% 94.9M 4s
131400K .......... .......... .......... .......... .......... 84% 62.3M 4s
131450K .......... .......... .......... .......... .......... 84% 2.02M 4s
131500K .......... .......... .......... .......... .......... 84% 66.9M 4s
131550K .......... .......... .......... .......... .......... 84% 10.5M 4s
131600K .......... .......... .......... .......... .......... 84% 91.2M 4s
131650K .......... .......... .......... .......... .......... 84% 5.50M 4s
131700K .......... .......... .......... .......... .......... 84% 29.3M 4s
131750K .......... .......... .......... .......... .......... 84% 12.5M 4s
131800K .......... .......... .......... .......... .......... 84% 80.2M 4s
131850K .......... .......... .......... .......... .......... 84% 3.60M 4s
131900K .......... .......... .......... .......... .......... 84% 68.5M 4s
131950K .......... .......... .......... .......... .......... 84% 93.3M 4s
132000K .......... .......... .......... .......... .......... 84% 10.1M 4s
132050K .......... .......... .......... .......... .......... 84% 16.9M 4s
132100K .......... .......... .......... .......... .......... 84%  102M 4s
132150K .......... .......... .......... .......... .......... 84% 96.2M 4s
132200K .......... .......... .......... .......... .......... 84% 12.9M 4s
132250K .......... .......... .......... .......... .......... 84% 9.87M 4s
132300K .......... .......... .......... .......... .......... 84% 25.9M 4s
132350K .......... .......... .......... .......... .......... 84% 14.3M 4s
132400K .......... .......... .......... .......... .......... 84% 86.3M 4s
132450K .......... .......... .......... .......... .......... 84% 10.6M 4s
132500K .......... .......... .......... .......... .......... 84% 68.9M 4s
132550K .......... .......... .......... .......... .......... 84% 12.5M 4s
132600K .......... .......... .......... .......... .......... 84% 71.9M 4s
132650K .......... .......... .......... .......... .......... 84% 4.21M 3s
132700K .......... .......... .......... .......... .......... 84% 20.7M 3s
132750K .......... .......... .......... .......... .......... 84% 63.3M 3s
132800K .......... .......... .......... .......... .......... 84% 77.4M 3s
132850K .......... .......... .......... .......... .......... 84% 73.8M 3s
132900K .......... .......... .......... .......... .......... 85% 23.6M 3s
132950K .......... .......... .......... .......... .......... 85% 76.9M 3s
133000K .......... .......... .......... .......... .......... 85% 82.9M 3s
133050K .......... .......... .......... .......... .......... 85% 3.95M 3s
133100K .......... .......... .......... .......... .......... 85% 88.1M 3s
133150K .......... .......... .......... .......... .......... 85% 5.25M 3s
133200K .......... .......... .......... .......... .......... 85% 90.9M 3s
133250K .......... .......... .......... .......... .......... 85% 86.8M 3s
133300K .......... .......... .......... .......... .......... 85%  104M 3s
133350K .......... .......... .......... .......... .......... 85% 80.2M 3s
133400K .......... .......... .......... .......... .......... 85% 89.7M 3s
133450K .......... .......... .......... .......... .......... 85% 4.66M 3s
133500K .......... .......... .......... .......... .......... 85% 96.2M 3s
133550K .......... .......... .......... .......... .......... 85% 19.5M 3s
133600K .......... .......... .......... .......... .......... 85% 10.2M 3s
133650K .......... .......... .......... .......... .......... 85% 97.4M 3s
133700K .......... .......... .......... .......... .......... 85% 7.37M 3s
133750K .......... .......... .......... .......... .......... 85% 26.8M 3s
133800K .......... .......... .......... .......... .......... 85% 81.1M 3s
133850K .......... .......... .......... .......... .......... 85% 88.4M 3s
133900K .......... .......... .......... .......... .......... 85% 23.7M 3s
133950K .......... .......... .......... .......... .......... 85% 55.8M 3s
134000K .......... .......... .......... .......... .......... 85% 2.17M 3s
134050K .......... .......... .......... .......... .......... 85% 86.4M 3s
134100K .......... .......... .......... .......... .......... 85% 87.6M 3s
134150K .......... .......... .......... .......... .......... 85%  107M 3s
134200K .......... .......... .......... .......... .......... 85% 22.1M 3s
134250K .......... .......... .......... .......... .......... 85% 85.1M 3s
134300K .......... .......... .......... .......... .......... 85% 87.2M 3s
134350K .......... .......... .......... .......... .......... 85% 67.4M 3s
134400K .......... .......... .......... .......... .......... 85% 4.62M 3s
134450K .......... .......... .......... .......... .......... 86% 29.1M 3s
134500K .......... .......... .......... .......... .......... 86% 7.21M 3s
134550K .......... .......... .......... .......... .......... 86% 71.3M 3s
134600K .......... .......... .......... .......... .......... 86% 84.8M 3s
134650K .......... .......... .......... .......... .......... 86% 16.0M 3s
134700K .......... .......... .......... .......... .......... 86% 20.0M 3s
134750K .......... .......... .......... .......... .......... 86% 72.2M 3s
134800K .......... .......... .......... .......... .......... 86% 6.02M 3s
134850K .......... .......... .......... .......... .......... 86% 18.5M 3s
134900K .......... .......... .......... .......... .......... 86% 59.8M 3s
134950K .......... .......... .......... .......... .......... 86% 96.3M 3s
135000K .......... .......... .......... .......... .......... 86% 93.0M 3s
135050K .......... .......... .......... .......... .......... 86% 16.9M 3s
135100K .......... .......... .......... .......... .......... 86%  102M 3s
135150K .......... .......... .......... .......... .......... 86% 13.1M 3s
135200K .......... .......... .......... .......... .......... 86% 66.4M 3s
135250K .......... .......... .......... .......... .......... 86% 4.46M 3s
135300K .......... .......... .......... .......... .......... 86% 94.3M 3s
135350K .......... .......... .......... .......... .......... 86% 83.8M 3s
135400K .......... .......... .......... .......... .......... 86% 10.2M 3s
135450K .......... .......... .......... .......... .......... 86% 71.6M 3s
135500K .......... .......... .......... .......... .......... 86% 56.4M 3s
135550K .......... .......... .......... .......... .......... 86% 79.2M 3s
135600K .......... .......... .......... .......... .......... 86% 92.0M 3s
135650K .......... .......... .......... .......... .......... 86% 5.58M 3s
135700K .......... .......... .......... .......... .......... 86% 85.0M 3s
135750K .......... .......... .......... .......... .......... 86% 8.70M 3s
135800K .......... .......... .......... .......... .......... 86% 28.0M 3s
135850K .......... .......... .......... .......... .......... 86% 84.0M 3s
135900K .......... .......... .......... .......... .......... 86% 60.7M 3s
135950K .......... .......... .......... .......... .......... 86% 6.66M 3s
136000K .......... .......... .......... .......... .......... 86% 86.1M 3s
136050K .......... .......... .......... .......... .......... 87% 96.1M 3s
136100K .......... .......... .......... .......... .......... 87% 7.06M 3s
136150K .......... .......... .......... .......... .......... 87% 12.5M 3s
136200K .......... .......... .......... .......... .......... 87% 14.3M 3s
136250K .......... .......... .......... .......... .......... 87% 88.5M 3s
136300K .......... .......... .......... .......... .......... 87% 76.0M 3s
136350K .......... .......... .......... .......... .......... 87% 11.5M 3s
136400K .......... .......... .......... .......... .......... 87% 82.0M 3s
136450K .......... .......... .......... .......... .......... 87% 8.71M 3s
136500K .......... .......... .......... .......... .......... 87% 72.7M 3s
136550K .......... .......... .......... .......... .......... 87% 61.1M 3s
136600K .......... .......... .......... .......... .......... 87% 6.47M 3s
136650K .......... .......... .......... .......... .......... 87% 89.7M 3s
136700K .......... .......... .......... .......... .......... 87% 89.4M 3s
136750K .......... .......... .......... .......... .......... 87% 18.8M 3s
136800K .......... .......... .......... .......... .......... 87% 18.3M 3s
136850K .......... .......... .......... .......... .......... 87% 3.39M 3s
136900K .......... .......... .......... .......... .......... 87% 97.2M 3s
136950K .......... .......... .......... .......... .......... 87% 12.2M 3s
137000K .......... .......... .......... .......... .......... 87% 18.0M 3s
137050K .......... .......... .......... .......... .......... 87% 89.3M 3s
137100K .......... .......... .......... .......... .......... 87% 9.79M 3s
137150K .......... .......... .......... .......... .......... 87% 56.0M 3s
137200K .......... .......... .......... .......... .......... 87% 70.8M 3s
137250K .......... .......... .......... .......... .......... 87%  121M 3s
137300K .......... .......... .......... .......... .......... 87% 11.2M 3s
137350K .......... .......... .......... .......... .......... 87% 84.7M 3s
137400K .......... .......... .......... .......... .......... 87% 8.62M 3s
137450K .......... .......... .......... .......... .......... 87% 77.7M 3s
137500K .......... .......... .......... .......... .......... 87% 5.67M 3s
137550K .......... .......... .......... .......... .......... 87% 67.4M 3s
137600K .......... .......... .......... .......... .......... 88% 74.7M 3s
137650K .......... .......... .......... .......... .......... 88% 11.2M 3s
137700K .......... .......... .......... .......... .......... 88% 25.9M 3s
137750K .......... .......... .......... .......... .......... 88% 16.4M 3s
137800K .......... .......... .......... .......... .......... 88% 81.2M 3s
137850K .......... .......... .......... .......... .......... 88% 68.7M 3s
137900K .......... .......... .......... .......... .......... 88% 6.19M 3s
137950K .......... .......... .......... .......... .......... 88%  101M 3s
138000K .......... .......... .......... .......... .......... 88% 8.26M 3s
138050K .......... .......... .......... .......... .......... 88% 64.3M 3s
138100K .......... .......... .......... .......... .......... 88% 67.8M 3s
138150K .......... .......... .......... .......... .......... 88% 3.38M 3s
138200K .......... .......... .......... .......... .......... 88% 32.9M 3s
138250K .......... .......... .......... .......... .......... 88% 79.2M 3s
138300K .......... .......... .......... .......... .......... 88% 15.8M 3s
138350K .......... .......... .......... .......... .......... 88% 13.1M 3s
138400K .......... .......... .......... .......... .......... 88% 14.1M 3s
138450K .......... .......... .......... .......... .......... 88% 78.6M 3s
138500K .......... .......... .......... .......... .......... 88% 84.8M 3s
138550K .......... .......... .......... .......... .......... 88% 92.5M 3s
138600K .......... .......... .......... .......... .......... 88% 7.43M 3s
138650K .......... .......... .......... .......... .......... 88% 9.79M 3s
138700K .......... .......... .......... .......... .......... 88% 18.8M 3s
138750K .......... .......... .......... .......... .......... 88% 65.7M 3s
138800K .......... .......... .......... .......... .......... 88% 3.68M 3s
138850K .......... .......... .......... .......... .......... 88% 45.3M 3s
138900K .......... .......... .......... .......... .......... 88%  110M 3s
138950K .......... .......... .......... .......... .......... 88% 5.01M 2s
139000K .......... .......... .......... .......... .......... 88% 64.1M 2s
139050K .......... .......... .......... .......... .......... 88% 51.3M 2s
139100K .......... .......... .......... .......... .......... 88% 48.8M 2s
139150K .......... .......... .......... .......... .......... 89% 88.6M 2s
139200K .......... .......... .......... .......... .......... 89% 23.8M 2s
139250K .......... .......... .......... .......... .......... 89% 4.79M 2s
139300K .......... .......... .......... .......... .......... 89% 83.6M 2s
139350K .......... .......... .......... .......... .......... 89% 14.5M 2s
139400K .......... .......... .......... .......... .......... 89% 44.3M 2s
139450K .......... .......... .......... .......... .......... 89% 92.4M 2s
139500K .......... .......... .......... .......... .......... 89% 14.7M 2s
139550K .......... .......... .......... .......... .......... 89% 24.2M 2s
139600K .......... .......... .......... .......... .......... 89% 77.0M 2s
139650K .......... .......... .......... .......... .......... 89% 21.0M 2s
139700K .......... .......... .......... .......... .......... 89% 62.6M 2s
139750K .......... .......... .......... .......... .......... 89% 3.11M 2s
139800K .......... .......... .......... .......... .......... 89% 67.7M 2s
139850K .......... .......... .......... .......... .......... 89% 64.0M 2s
139900K .......... .......... .......... .......... .......... 89% 69.4M 2s
139950K .......... .......... .......... .......... .......... 89% 54.5M 2s
140000K .......... .......... .......... .......... .......... 89%  129M 2s
140050K .......... .......... .......... .......... .......... 89% 11.4M 2s
140100K .......... .......... .......... .......... .......... 89% 72.7M 2s
140150K .......... .......... .......... .......... .......... 89% 3.12M 2s
140200K .......... .......... .......... .......... .......... 89% 69.3M 2s
140250K .......... .......... .......... .......... .......... 89% 1.33M 2s
140300K .......... .......... .......... .......... .......... 89% 52.4M 2s
140350K .......... .......... .......... .......... .......... 89% 60.0M 2s
140400K .......... .......... .......... .......... .......... 89% 63.1M 2s
140450K .......... .......... .......... .......... .......... 89% 59.5M 2s
140500K .......... .......... .......... .......... .......... 89% 68.8M 2s
140550K .......... .......... .......... .......... .......... 89% 98.9M 2s
140600K .......... .......... .......... .......... .......... 89% 27.7M 2s
140650K .......... .......... .......... .......... .......... 89% 90.0M 2s
140700K .......... .......... .......... .......... .......... 90% 2.93M 2s
140750K .......... .......... .......... .......... .......... 90% 92.3M 2s
140800K .......... .......... .......... .......... .......... 90% 22.5M 2s
140850K .......... .......... .......... .......... .......... 90% 15.1M 2s
140900K .......... .......... .......... .......... .......... 90% 68.8M 2s
140950K .......... .......... .......... .......... .......... 90% 82.5M 2s
141000K .......... .......... .......... .......... .......... 90% 14.8M 2s
141050K .......... .......... .......... .......... .......... 90% 14.4M 2s
141100K .......... .......... .......... .......... .......... 90% 2.66M 2s
141150K .......... .......... .......... .......... .......... 90% 9.52M 2s
141200K .......... .......... .......... .......... .......... 90% 81.2M 2s
141250K .......... .......... .......... .......... .......... 90% 76.4M 2s
141300K .......... .......... .......... .......... .......... 90% 66.7M 2s
141350K .......... .......... .......... .......... .......... 90% 81.7M 2s
141400K .......... .......... .......... .......... .......... 90% 94.3M 2s
141450K .......... .......... .......... .......... .......... 90% 24.4M 2s
141500K .......... .......... .......... .......... .......... 90% 3.01M 2s
141550K .......... .......... .......... .......... .......... 90% 58.9M 2s
141600K .......... .......... .......... .......... .......... 90% 61.4M 2s
141650K .......... .......... .......... .......... .......... 90% 70.0M 2s
141700K .......... .......... .......... .......... .......... 90%  121M 2s
141750K .......... .......... .......... .......... .......... 90% 73.3M 2s
141800K .......... .......... .......... .......... .......... 90% 20.6M 2s
141850K .......... .......... .......... .......... .......... 90% 74.7M 2s
141900K .......... .......... .......... .......... .......... 90% 2.95M 2s
141950K .......... .......... .......... .......... .......... 90% 74.2M 2s
142000K .......... .......... .......... .......... .......... 90% 62.7M 2s
142050K .......... .......... .......... .......... .......... 90% 94.0M 2s
142100K .......... .......... .......... .......... .......... 90% 87.6M 2s
142150K .......... .......... .......... .......... .......... 90% 94.8M 2s
142200K .......... .......... .......... .......... .......... 90% 99.1M 2s
142250K .......... .......... .......... .......... .......... 90% 9.05M 2s
142300K .......... .......... .......... .......... .......... 91% 3.58M 2s
142350K .......... .......... .......... .......... .......... 91% 54.3M 2s
142400K .......... .......... .......... .......... .......... 91% 84.7M 2s
142450K .......... .......... .......... .......... .......... 91% 70.6M 2s
142500K .......... .......... .......... .......... .......... 91% 8.40M 2s
142550K .......... .......... .......... .......... .......... 91% 85.5M 2s
142600K .......... .......... .......... .......... .......... 91% 53.4M 2s
142650K .......... .......... .......... .......... .......... 91% 90.5M 2s
142700K .......... .......... .......... .......... .......... 91% 3.40M 2s
142750K .......... .......... .......... .......... .......... 91% 67.6M 2s
142800K .......... .......... .......... .......... .......... 91% 96.1M 2s
142850K .......... .......... .......... .......... .......... 91% 70.9M 2s
142900K .......... .......... .......... .......... .......... 91% 76.4M 2s
142950K .......... .......... .......... .......... .......... 91% 24.0M 2s
143000K .......... .......... .......... .......... .......... 91% 73.3M 2s
143050K .......... .......... .......... .......... .......... 91% 74.3M 2s
143100K .......... .......... .......... .......... .......... 91% 2.77M 2s
143150K .......... .......... .......... .......... .......... 91% 74.6M 2s
143200K .......... .......... .......... .......... .......... 91% 89.2M 2s
143250K .......... .......... .......... .......... .......... 91% 62.3M 2s
143300K .......... .......... .......... .......... .......... 91% 71.0M 2s
143350K .......... .......... .......... .......... .......... 91% 7.59M 2s
143400K .......... .......... .......... .......... .......... 91%  106M 2s
143450K .......... .......... .......... .......... .......... 91% 7.13M 2s
143500K .......... .......... .......... .......... .......... 91% 67.5M 2s
143550K .......... .......... .......... .......... .......... 91% 6.11M 2s
143600K .......... .......... .......... .......... .......... 91% 25.9M 2s
143650K .......... .......... .......... .......... .......... 91%  108M 2s
143700K .......... .......... .......... .......... .......... 91% 28.2M 2s
143750K .......... .......... .......... .......... .......... 91%  121M 2s
143800K .......... .......... .......... .......... .......... 91% 69.7M 2s
143850K .......... .......... .......... .......... .......... 92% 5.79M 2s
143900K .......... .......... .......... .......... .......... 92% 55.2M 2s
143950K .......... .......... .......... .......... .......... 92% 8.51M 2s
144000K .......... .......... .......... .......... .......... 92% 76.5M 2s
144050K .......... .......... .......... .......... .......... 92%  109M 2s
144100K .......... .......... .......... .......... .......... 92% 24.6M 2s
144150K .......... .......... .......... .......... .......... 92% 19.9M 2s
144200K .......... .......... .......... .......... .......... 92% 83.7M 2s
144250K .......... .......... .......... .......... .......... 92% 10.4M 2s
144300K .......... .......... .......... .......... .......... 92% 44.7M 2s
144350K .......... .......... .......... .......... .......... 92%  120M 2s
144400K .......... .......... .......... .......... .......... 92% 2.64M 2s
144450K .......... .......... .......... .......... .......... 92% 94.0M 2s
144500K .......... .......... .......... .......... .......... 92% 85.5M 2s
144550K .......... .......... .......... .......... .......... 92% 16.3M 2s
144600K .......... .......... .......... .......... .......... 92% 62.4M 2s
144650K .......... .......... .......... .......... .......... 92% 74.6M 2s
144700K .......... .......... .......... .......... .......... 92% 56.9M 2s
144750K .......... .......... .......... .......... .......... 92% 90.1M 2s
144800K .......... .......... .......... .......... .......... 92% 5.72M 2s
144850K .......... .......... .......... .......... .......... 92% 65.3M 2s
144900K .......... .......... .......... .......... .......... 92% 94.6M 2s
144950K .......... .......... .......... .......... .......... 92% 8.26M 2s
145000K .......... .......... .......... .......... .......... 92% 82.5M 2s
145050K .......... .......... .......... .......... .......... 92% 11.6M 2s
145100K .......... .......... .......... .......... .......... 92% 56.0M 2s
145150K .......... .......... .......... .......... .......... 92% 92.2M 2s
145200K .......... .......... .......... .......... .......... 92% 5.90M 2s
145250K .......... .......... .......... .......... .......... 92% 94.8M 2s
145300K .......... .......... .......... .......... .......... 92% 90.0M 2s
145350K .......... .......... .......... .......... .......... 92%  135M 2s
145400K .......... .......... .......... .......... .......... 93% 7.65M 2s
145450K .......... .......... .......... .......... .......... 93% 77.3M 2s
145500K .......... .......... .......... .......... .......... 93% 23.6M 2s
145550K .......... .......... .......... .......... .......... 93% 67.7M 2s
145600K .......... .......... .......... .......... .......... 93% 18.3M 2s
145650K .......... .......... .......... .......... .......... 93% 94.8M 1s
145700K .......... .......... .......... .......... .......... 93% 76.9M 1s
145750K .......... .......... .......... .......... .......... 93% 11.6M 1s
145800K .......... .......... .......... .......... .......... 93% 88.1M 1s
145850K .......... .......... .......... .......... .......... 93% 2.44M 1s
145900K .......... .......... .......... .......... .......... 93% 47.5M 1s
145950K .......... .......... .......... .......... .......... 93% 75.5M 1s
146000K .......... .......... .......... .......... .......... 93% 64.7M 1s
146050K .......... .......... .......... .......... .......... 93% 72.0M 1s
146100K .......... .......... .......... .......... .......... 93% 86.5M 1s
146150K .......... .......... .......... .......... .......... 93% 70.5M 1s
146200K .......... .......... .......... .......... .......... 93% 92.0M 1s
146250K .......... .......... .......... .......... .......... 93% 3.24M 1s
146300K .......... .......... .......... .......... .......... 93% 50.0M 1s
146350K .......... .......... .......... .......... .......... 93% 82.4M 1s
146400K .......... .......... .......... .......... .......... 93%  108M 1s
146450K .......... .......... .......... .......... .......... 93% 13.6M 1s
146500K .......... .......... .......... .......... .......... 93% 70.4M 1s
146550K .......... .......... .......... .......... .......... 93% 12.9M 1s
146600K .......... .......... .......... .......... .......... 93% 56.1M 1s
146650K .......... .......... .......... .......... .......... 93%  106M 1s
146700K .......... .......... .......... .......... .......... 93% 2.55M 1s
146750K .......... .......... .......... .......... .......... 93% 66.0M 1s
146800K .......... .......... .......... .......... .......... 93% 74.3M 1s
146850K .......... .......... .......... .......... .......... 93% 69.7M 1s
146900K .......... .......... .......... .......... .......... 93% 80.9M 1s
146950K .......... .......... .......... .......... .......... 94% 87.7M 1s
147000K .......... .......... .......... .......... .......... 94% 26.5M 1s
147050K .......... .......... .......... .......... .......... 94% 67.4M 1s
147100K .......... .......... .......... .......... .......... 94% 2.40M 1s
147150K .......... .......... .......... .......... .......... 94% 90.1M 1s
147200K .......... .......... .......... .......... .......... 94% 21.1M 1s
147250K .......... .......... .......... .......... .......... 94% 67.1M 1s
147300K .......... .......... .......... .......... .......... 94% 69.3M 1s
147350K .......... .......... .......... .......... .......... 94% 64.8M 1s
147400K .......... .......... .......... .......... .......... 94% 79.9M 1s
147450K .......... .......... .......... .......... .......... 94% 70.8M 1s
147500K .......... .......... .......... .......... .......... 94%  134M 1s
147550K .......... .......... .......... .......... .......... 94% 2.38M 1s
147600K .......... .......... .......... .......... .......... 94% 79.7M 1s
147650K .......... .......... .......... .......... .......... 94% 78.3M 1s
147700K .......... .......... .......... .......... .......... 94% 67.0M 1s
147750K .......... .......... .......... .......... .......... 94% 97.8M 1s
147800K .......... .......... .......... .......... .......... 94% 76.7M 1s
147850K .......... .......... .......... .......... .......... 94% 83.3M 1s
147900K .......... .......... .......... .......... .......... 94% 25.4M 1s
147950K .......... .......... .......... .......... .......... 94% 1.72M 1s
148000K .......... .......... .......... .......... .......... 94% 65.9M 1s
148050K .......... .......... .......... .......... .......... 94% 74.6M 1s
148100K .......... .......... .......... .......... .......... 94% 61.4M 1s
148150K .......... .......... .......... .......... .......... 94% 66.2M 1s
148200K .......... .......... .......... .......... .......... 94% 16.7M 1s
148250K .......... .......... .......... .......... .......... 94% 93.0M 1s
148300K .......... .......... .......... .......... .......... 94% 66.3M 1s
148350K .......... .......... .......... .......... .......... 94% 9.66M 1s
148400K .......... .......... .......... .......... .......... 94% 5.31M 1s
148450K .......... .......... .......... .......... .......... 94% 67.1M 1s
148500K .......... .......... .......... .......... .......... 94% 5.29M 1s
148550K .......... .......... .......... .......... .......... 95% 65.0M 1s
148600K .......... .......... .......... .......... .......... 95% 82.4M 1s
148650K .......... .......... .......... .......... .......... 95% 61.2M 1s
148700K .......... .......... .......... .......... .......... 95% 57.5M 1s
148750K .......... .......... .......... .......... .......... 95% 59.2M 1s
148800K .......... .......... .......... .......... .......... 95% 2.90M 1s
148850K .......... .......... .......... .......... .......... 95% 33.4M 1s
148900K .......... .......... .......... .......... .......... 95% 64.1M 1s
148950K .......... .......... .......... .......... .......... 95%  124M 1s
149000K .......... .......... .......... .......... .......... 95% 32.2M 1s
149050K .......... .......... .......... .......... .......... 95% 27.0M 1s
149100K .......... .......... .......... .......... .......... 95% 48.3M 1s
149150K .......... .......... .......... .......... .......... 95% 67.8M 1s
149200K .......... .......... .......... .......... .......... 95% 10.2M 1s
149250K .......... .......... .......... .......... .......... 95% 1.64M 1s
149300K .......... .......... .......... .......... .......... 95% 15.7M 1s
149350K .......... .......... .......... .......... .......... 95% 73.8M 1s
149400K .......... .......... .......... .......... .......... 95% 20.3M 1s
149450K .......... .......... .......... .......... .......... 95% 74.9M 1s
149500K .......... .......... .......... .......... .......... 95% 20.0M 1s
149550K .......... .......... .......... .......... .......... 95% 7.76M 1s
149600K .......... .......... .......... .......... .......... 95% 63.2M 1s
149650K .......... .......... .......... .......... .......... 95% 8.26M 1s
149700K .......... .......... .......... .......... .......... 95% 68.4M 1s
149750K .......... .......... .......... .......... .......... 95% 90.5M 1s
149800K .......... .......... .......... .......... .......... 95% 16.7M 1s
149850K .......... .......... .......... .......... .......... 95% 72.8M 1s
149900K .......... .......... .......... .......... .......... 95% 25.1M 1s
149950K .......... .......... .......... .......... .......... 95% 64.7M 1s
150000K .......... .......... .......... .......... .......... 95% 18.2M 1s
150050K .......... .......... .......... .......... .......... 95% 71.5M 1s
150100K .......... .......... .......... .......... .......... 96% 4.56M 1s
150150K .......... .......... .......... .......... .......... 96% 75.5M 1s
150200K .......... .......... .......... .......... .......... 96% 70.0M 1s
150250K .......... .......... .......... .......... .......... 96% 67.2M 1s
150300K .......... .......... .......... .......... .......... 96% 88.7M 1s
150350K .......... .......... .......... .......... .......... 96% 28.4M 1s
150400K .......... .......... .......... .......... .......... 96% 13.6M 1s
150450K .......... .......... .......... .......... .......... 96% 76.3M 1s
150500K .......... .......... .......... .......... .......... 96% 94.5M 1s
150550K .......... .......... .......... .......... .......... 96% 2.49M 1s
150600K .......... .......... .......... .......... .......... 96% 79.1M 1s
150650K .......... .......... .......... .......... .......... 96% 71.5M 1s
150700K .......... .......... .......... .......... .......... 96%  109M 1s
150750K .......... .......... .......... .......... .......... 96% 6.93M 1s
150800K .......... .......... .......... .......... .......... 96% 51.8M 1s
150850K .......... .......... .......... .......... .......... 96% 68.6M 1s
150900K .......... .......... .......... .......... .......... 96% 87.8M 1s
150950K .......... .......... .......... .......... .......... 96% 3.16M 1s
151000K .......... .......... .......... .......... .......... 96% 68.1M 1s
151050K .......... .......... .......... .......... .......... 96% 71.8M 1s
151100K .......... .......... .......... .......... .......... 96%  108M 1s
151150K .......... .......... .......... .......... .......... 96% 14.8M 1s
151200K .......... .......... .......... .......... .......... 96% 56.4M 1s
151250K .......... .......... .......... .......... .......... 96% 78.3M 1s
151300K .......... .......... .......... .......... .......... 96% 87.3M 1s
151350K .......... .......... .......... .......... .......... 96% 84.6M 1s
151400K .......... .......... .......... .......... .......... 96% 4.13M 1s
151450K .......... .......... .......... .......... .......... 96% 85.3M 1s
151500K .......... .......... .......... .......... .......... 96% 32.5M 1s
151550K .......... .......... .......... .......... .......... 96% 75.3M 1s
151600K .......... .......... .......... .......... .......... 96% 12.8M 1s
151650K .......... .......... .......... .......... .......... 97% 72.7M 1s
151700K .......... .......... .......... .......... .......... 97% 15.8M 1s
151750K .......... .......... .......... .......... .......... 97% 77.9M 1s
151800K .......... .......... .......... .......... .......... 97% 19.4M 1s
151850K .......... .......... .......... .......... .......... 97% 11.7M 1s
151900K .......... .......... .......... .......... .......... 97% 76.9M 1s
151950K .......... .......... .......... .......... .......... 97% 79.0M 1s
152000K .......... .......... .......... .......... .......... 97% 27.8M 1s
152050K .......... .......... .......... .......... .......... 97% 67.1M 1s
152100K .......... .......... .......... .......... .......... 97% 32.8M 1s
152150K .......... .......... .......... .......... .......... 97% 5.95M 1s
152200K .......... .......... .......... .......... .......... 97% 74.3M 1s
152250K .......... .......... .......... .......... .......... 97% 98.1M 1s
152300K .......... .......... .......... .......... .......... 97% 24.2M 1s
152350K .......... .......... .......... .......... .......... 97% 11.8M 1s
152400K .......... .......... .......... .......... .......... 97% 10.5M 1s
152450K .......... .......... .......... .......... .......... 97% 72.6M 1s
152500K .......... .......... .......... .......... .......... 97% 84.2M 1s
152550K .......... .......... .......... .......... .......... 97% 7.14M 1s
152600K .......... .......... .......... .......... .......... 97%  114M 1s
152650K .......... .......... .......... .......... .......... 97% 6.63M 1s
152700K .......... .......... .......... .......... .......... 97% 51.2M 0s
152750K .......... .......... .......... .......... .......... 97% 7.52M 0s
152800K .......... .......... .......... .......... .......... 97% 67.5M 0s
152850K .......... .......... .......... .......... .......... 97% 72.9M 0s
152900K .......... .......... .......... .......... .......... 97%  114M 0s
152950K .......... .......... .......... .......... .......... 97% 9.15M 0s
153000K .......... .......... .......... .......... .......... 97% 63.5M 0s
153050K .......... .......... .......... .......... .......... 97% 72.4M 0s
153100K .......... .......... .......... .......... .......... 97% 78.4M 0s
153150K .......... .......... .......... .......... .......... 97% 23.1M 0s
153200K .......... .......... .......... .......... .......... 97% 64.0M 0s
153250K .......... .......... .......... .......... .......... 98% 10.1M 0s
153300K .......... .......... .......... .......... .......... 98% 55.1M 0s
153350K .......... .......... .......... .......... .......... 98% 5.20M 0s
153400K .......... .......... .......... .......... .......... 98% 78.2M 0s
153450K .......... .......... .......... .......... .......... 98% 14.0M 0s
153500K .......... .......... .......... .......... .......... 98% 63.7M 0s
153550K .......... .......... .......... .......... .......... 98% 49.9M 0s
153600K .......... .......... .......... .......... .......... 98% 10.7M 0s
153650K .......... .......... .......... .......... .......... 98% 60.1M 0s
153700K .......... .......... .......... .......... .......... 98% 89.5M 0s
153750K .......... .......... .......... .......... .......... 98% 98.1M 0s
153800K .......... .......... .......... .......... .......... 98% 5.83M 0s
153850K .......... .......... .......... .......... .......... 98% 84.2M 0s
153900K .......... .......... .......... .......... .......... 98% 14.6M 0s
153950K .......... .......... .......... .......... .......... 98% 11.0M 0s
154000K .......... .......... .......... .......... .......... 98% 72.4M 0s
154050K .......... .......... .......... .......... .......... 98% 65.9M 0s
154100K .......... .......... .......... .......... .......... 98% 66.3M 0s
154150K .......... .......... .......... .......... .......... 98% 80.2M 0s
154200K .......... .......... .......... .......... .......... 98% 37.2M 0s
154250K .......... .......... .......... .......... .......... 98% 4.17M 0s
154300K .......... .......... .......... .......... .......... 98% 88.7M 0s
154350K .......... .......... .......... .......... .......... 98% 77.6M 0s
154400K .......... .......... .......... .......... .......... 98% 23.4M 0s
154450K .......... .......... .......... .......... .......... 98% 17.2M 0s
154500K .......... .......... .......... .......... .......... 98% 80.6M 0s
154550K .......... .......... .......... .......... .......... 98%  103M 0s
154600K .......... .......... .......... .......... .......... 98% 82.2M 0s
154650K .......... .......... .......... .......... .......... 98% 6.84M 0s
154700K .......... .......... .......... .......... .......... 98% 72.1M 0s
154750K .......... .......... .......... .......... .......... 98% 15.5M 0s
154800K .......... .......... .......... .......... .......... 99%  101M 0s
154850K .......... .......... .......... .......... .......... 99% 10.7M 0s
154900K .......... .......... .......... .......... .......... 99% 89.4M 0s
154950K .......... .......... .......... .......... .......... 99% 91.7M 0s
155000K .......... .......... .......... .......... .......... 99% 70.2M 0s
155050K .......... .......... .......... .......... .......... 99% 9.72M 0s
155100K .......... .......... .......... .......... .......... 99% 11.9M 0s
155150K .......... .......... .......... .......... .......... 99% 64.1M 0s
155200K .......... .......... .......... .......... .......... 99% 15.3M 0s
155250K .......... .......... .......... .......... .......... 99% 77.4M 0s
155300K .......... .......... .......... .......... .......... 99% 2.76M 0s
155350K .......... .......... .......... .......... .......... 99% 24.1M 0s
155400K .......... .......... .......... .......... .......... 99% 71.9M 0s
155450K .......... .......... .......... .......... .......... 99% 67.1M 0s
155500K .......... .......... .......... .......... .......... 99% 71.6M 0s
155550K .......... .......... .......... .......... .......... 99% 54.6M 0s
155600K .......... .......... .......... .......... .......... 99% 6.29M 0s
155650K .......... .......... .......... .......... .......... 99% 77.5M 0s
155700K .......... .......... .......... .......... .......... 99% 23.6M 0s
155750K .......... .......... .......... .......... .......... 99% 90.6M 0s
155800K .......... .......... .......... .......... .......... 99% 6.99M 0s
155850K .......... .......... .......... .......... .......... 99% 70.2M 0s
155900K .......... .......... .......... .......... .......... 99% 77.7M 0s
155950K .......... .......... .......... .......... .......... 99% 17.6M 0s
156000K .......... .......... .......... .......... .......... 99% 79.4M 0s
156050K .......... .......... .......... .......... .......... 99% 6.35M 0s
156100K .......... .......... .......... .......... .......... 99% 75.0M 0s
156150K .......... .......... .......... .......... .......... 99% 9.87M 0s
156200K .......... .......... .......... .......... .......... 99% 15.8M 0s
156250K .......... .......... .......... .......... .......... 99% 6.17M 0s
156300K .......... .......... .......... .......... .......... 99% 53.6M 0s
156350K .......... .......... ..........                      100%  156M=21s

2026-09-21 05:39:54 (7.27 MB/s) - 'build/linux-7.2.5.tar.xz' saved [160133944/160133944]

linux-7.2.5/sound/hda/
linux-7.2.5/sound/hda/Kconfig
linux-7.2.5/sound/hda/Makefile
linux-7.2.5/sound/hda/codecs/
linux-7.2.5/sound/hda/codecs/Kconfig
linux-7.2.5/sound/hda/codecs/Makefile
linux-7.2.5/sound/hda/codecs/analog.c
linux-7.2.5/sound/hda/codecs/ca0110.c
linux-7.2.5/sound/hda/codecs/ca0132.c
linux-7.2.5/sound/hda/codecs/ca0132_regs.h
linux-7.2.5/sound/hda/codecs/cirrus/
linux-7.2.5/sound/hda/codecs/cirrus/Kconfig
linux-7.2.5/sound/hda/codecs/cirrus/Makefile
linux-7.2.5/sound/hda/codecs/cirrus/cs420x.c
linux-7.2.5/sound/hda/codecs/cirrus/cs421x.c
linux-7.2.5/sound/hda/codecs/cirrus/cs8409-tables.c
linux-7.2.5/sound/hda/codecs/cirrus/cs8409.c
linux-7.2.5/sound/hda/codecs/cirrus/cs8409.h
linux-7.2.5/sound/hda/codecs/cm9825.c
linux-7.2.5/sound/hda/codecs/cmedia.c
linux-7.2.5/sound/hda/codecs/conexant.c
linux-7.2.5/sound/hda/codecs/generic.c
linux-7.2.5/sound/hda/codecs/generic.h
linux-7.2.5/sound/hda/codecs/hdmi/
linux-7.2.5/sound/hda/codecs/hdmi/Kconfig
linux-7.2.5/sound/hda/codecs/hdmi/Makefile
linux-7.2.5/sound/hda/codecs/hdmi/atihdmi.c
linux-7.2.5/sound/hda/codecs/hdmi/eld.c
linux-7.2.5/sound/hda/codecs/hdmi/hdmi.c
linux-7.2.5/sound/hda/codecs/hdmi/hdmi_local.h
linux-7.2.5/sound/hda/codecs/hdmi/intelhdmi.c
linux-7.2.5/sound/hda/codecs/hdmi/nvhdmi-mcp.c
linux-7.2.5/sound/hda/codecs/hdmi/nvhdmi.c
linux-7.2.5/sound/hda/codecs/hdmi/simplehdmi.c
linux-7.2.5/sound/hda/codecs/hdmi/tegrahdmi.c
linux-7.2.5/sound/hda/codecs/helpers/
linux-7.2.5/sound/hda/codecs/helpers/hp_x360.c
linux-7.2.5/sound/hda/codecs/helpers/ideapad_hotkey_led.c
linux-7.2.5/sound/hda/codecs/helpers/ideapad_s740.c
linux-7.2.5/sound/hda/codecs/helpers/thinkpad.c
linux-7.2.5/sound/hda/codecs/realtek/
linux-7.2.5/sound/hda/codecs/realtek/Kconfig
linux-7.2.5/sound/hda/codecs/realtek/Makefile
linux-7.2.5/sound/hda/codecs/realtek/alc260.c
linux-7.2.5/sound/hda/codecs/realtek/alc262.c
linux-7.2.5/sound/hda/codecs/realtek/alc268.c
linux-7.2.5/sound/hda/codecs/realtek/alc269.c
linux-7.2.5/sound/hda/codecs/realtek/alc662.c
linux-7.2.5/sound/hda/codecs/realtek/alc680.c
linux-7.2.5/sound/hda/codecs/realtek/alc861.c
linux-7.2.5/sound/hda/codecs/realtek/alc861vd.c
linux-7.2.5/sound/hda/codecs/realtek/alc880.c
linux-7.2.5/sound/hda/codecs/realtek/alc882.c
linux-7.2.5/sound/hda/codecs/realtek/realtek.c
linux-7.2.5/sound/hda/codecs/realtek/realtek.h
linux-7.2.5/sound/hda/codecs/senarytech.c
linux-7.2.5/sound/hda/codecs/si3054.c
linux-7.2.5/sound/hda/codecs/side-codecs/
linux-7.2.5/sound/hda/codecs/side-codecs/Kconfig
linux-7.2.5/sound/hda/codecs/side-codecs/Makefile
linux-7.2.5/sound/hda/codecs/side-codecs/cirrus_scodec.c
linux-7.2.5/sound/hda/codecs/side-codecs/cirrus_scodec.h
linux-7.2.5/sound/hda/codecs/side-codecs/cirrus_scodec_test.c
linux-7.2.5/sound/hda/codecs/side-codecs/cs35l41_hda.c
linux-7.2.5/sound/hda/codecs/side-codecs/cs35l41_hda.h
linux-7.2.5/sound/hda/codecs/side-codecs/cs35l41_hda_i2c.c
linux-7.2.5/sound/hda/codecs/side-codecs/cs35l41_hda_property.c
linux-7.2.5/sound/hda/codecs/side-codecs/cs35l41_hda_property.h
linux-7.2.5/sound/hda/codecs/side-codecs/cs35l41_hda_spi.c
linux-7.2.5/sound/hda/codecs/side-codecs/cs35l56_hda.c
linux-7.2.5/sound/hda/codecs/side-codecs/cs35l56_hda.h
linux-7.2.5/sound/hda/codecs/side-codecs/cs35l56_hda_i2c.c
linux-7.2.5/sound/hda/codecs/side-codecs/cs35l56_hda_spi.c
linux-7.2.5/sound/hda/codecs/side-codecs/hda_component.c
linux-7.2.5/sound/hda/codecs/side-codecs/hda_component.h
linux-7.2.5/sound/hda/codecs/side-codecs/tas2781_hda.c
linux-7.2.5/sound/hda/codecs/side-codecs/tas2781_hda.h
linux-7.2.5/sound/hda/codecs/side-codecs/tas2781_hda_i2c.c
linux-7.2.5/sound/hda/codecs/side-codecs/tas2781_hda_spi.c
linux-7.2.5/sound/hda/codecs/sigmatel.c
linux-7.2.5/sound/hda/codecs/via.c
linux-7.2.5/sound/hda/common/
linux-7.2.5/sound/hda/common/Kconfig
linux-7.2.5/sound/hda/common/Makefile
linux-7.2.5/sound/hda/common/auto_parser.c
linux-7.2.5/sound/hda/common/beep.c
linux-7.2.5/sound/hda/common/bind.c
linux-7.2.5/sound/hda/common/codec.c
linux-7.2.5/sound/hda/common/controller.c
linux-7.2.5/sound/hda/common/controller_trace.h
linux-7.2.5/sound/hda/common/hda_auto_parser.h
linux-7.2.5/sound/hda/common/hda_beep.h
linux-7.2.5/sound/hda/common/hda_controller.h
linux-7.2.5/sound/hda/common/hda_jack.h
linux-7.2.5/sound/hda/common/hda_local.h
linux-7.2.5/sound/hda/common/hwdep.c
linux-7.2.5/sound/hda/common/jack.c
linux-7.2.5/sound/hda/common/proc.c
linux-7.2.5/sound/hda/common/sysfs.c
linux-7.2.5/sound/hda/controllers/
linux-7.2.5/sound/hda/controllers/Kconfig
linux-7.2.5/sound/hda/controllers/Makefile
linux-7.2.5/sound/hda/controllers/acpi.c
linux-7.2.5/sound/hda/controllers/cix-ipbloq.c
linux-7.2.5/sound/hda/controllers/intel.c
linux-7.2.5/sound/hda/controllers/intel.h
linux-7.2.5/sound/hda/controllers/intel_trace.h
linux-7.2.5/sound/hda/controllers/tegra.c
linux-7.2.5/sound/hda/core/
linux-7.2.5/sound/hda/core/Kconfig
linux-7.2.5/sound/hda/core/Makefile
linux-7.2.5/sound/hda/core/array.c
linux-7.2.5/sound/hda/core/bus.c
linux-7.2.5/sound/hda/core/component.c
linux-7.2.5/sound/hda/core/controller.c
linux-7.2.5/sound/hda/core/device.c
linux-7.2.5/sound/hda/core/ext/
linux-7.2.5/sound/hda/core/ext/Makefile
linux-7.2.5/sound/hda/core/ext/bus.c
linux-7.2.5/sound/hda/core/ext/controller.c
linux-7.2.5/sound/hda/core/ext/stream.c
linux-7.2.5/sound/hda/core/hda_bus_type.c
linux-7.2.5/sound/hda/core/hdmi_chmap.c
linux-7.2.5/sound/hda/core/i915.c
linux-7.2.5/sound/hda/core/intel-dsp-config.c
linux-7.2.5/sound/hda/core/intel-nhlt.c
linux-7.2.5/sound/hda/core/intel-sdw-acpi.c
linux-7.2.5/sound/hda/core/local.h
linux-7.2.5/sound/hda/core/regmap.c
linux-7.2.5/sound/hda/core/stream.c
linux-7.2.5/sound/hda/core/sysfs.c
linux-7.2.5/sound/hda/core/trace.c
linux-7.2.5/sound/hda/core/trace.h
Kernel version later than implemented version - there may be build problems
patching file codecs/cirrus/cs8409.c
Hunk #1 succeeded at 1584 (offset 149 lines).
Hunk #2 succeeded at 1593 (offset 149 lines).
Hunk #3 succeeded at 1633 (offset 149 lines).
patching file codecs/cirrus/cs8409.h
Hunk #1 succeeded at 20 with fuzz 2 (offset 1 line).
Hunk #2 succeeded at 308 (offset 3 lines).
Hunk #3 succeeded at 335 (offset 3 lines).
Hunk #4 succeeded at 372 with fuzz 2 (offset 4 lines).

# exit code: 0
# elapsed time: 00:00:24
----------------------------------------------------------------

Building module(s)
# command: make -j8 KERNELRELEASE=7.2.5-4-omarchy
make -C /lib/modules/7.2.5-4-omarchy/build CFLAGS_MODULE="-DAPPLE_PINSENSE_FIXUP -DAPPLE_CODECS -DCONFIG_SND_HDA_RECONFIG=1 -Wno-unused-variable -Wno-unused-function" M=/var/lib/dkms/snd_hda_macbookpro/0.1/build/build/hda modules
make[1]: Entering directory '/usr/lib/modules/7.2.5-4-omarchy/build'
make[2]: Entering directory '/var/lib/dkms/snd_hda_macbookpro/0.1/build/build/hda'
warning: pahole version differs from the one used to build the kernel
  The kernel was built with: 131
  You are using:             132
  CC [M]  codecs/cirrus/cs8409.o
  CC [M]  codecs/cirrus/cs8409-tables.o
  LD [M]  codecs/cirrus/snd-hda-codec-cs8409.o
  MODPOST Module.symvers
  CC [M]  codecs/cirrus/snd-hda-codec-cs8409.mod.o
  CC [M]  .module-common.o
  LD [M]  codecs/cirrus/snd-hda-codec-cs8409.ko
  BTF [M] codecs/cirrus/snd-hda-codec-cs8409.ko
make[2]: Leaving directory '/var/lib/dkms/snd_hda_macbookpro/0.1/build/build/hda'
make[1]: Leaving directory '/usr/lib/modules/7.2.5-4-omarchy/build'

# exit code: 0
# elapsed time: 00:00:06
----------------------------------------------------------------
